path	size_bytes	sha256	verification_kind	revision_oid
.gitattributes	7723	8b5ecafbfeb7408853625d31f1f919b7a430c5a97b1215bc19f0d16e3bc1c529	git-blob-sha1	2f7be7b964cb0059d4cec29ae28656f22fc16d07
articulated_objects/basin_faucet.xml	3442	94daf6b7cd27981af911d8364a4278586e3e1e5e945adcf8faa880c497e8f8ae	git-blob-sha1	b013a18cbb3f74d25ce7bddc8c8fead049e617f2
articulated_objects/basin_faucet/basin_faucet_base/basin_faucet_base.mtl	455	53020319c87baacb345a243c6daeb13b40d901ea44eb430412ea05cfef1663d2	git-blob-sha1	9813ccd2b1c415c1fe8037b26751fe1392302325
articulated_objects/basin_faucet/basin_faucet_base/basin_faucet_base.obj	84367	350f37c1a575a0976fb9f8a1ca9671ef26ab6d00f9bbc6248dbbd23bb5a6474c	git-blob-sha1	a427f87ee90a2300d371d274f61bf7872358ee6e
articulated_objects/basin_faucet/basin_faucet_base/basin_faucet_base.xml	1678	222415a2bf02d69c5983c29fb4d6bf4ecd0b73da46318cdf0115ba00740b713a	git-blob-sha1	fb9b2c3815b55f26b6b66fe637d368f9c211728c
articulated_objects/basin_faucet/basin_faucet_base/basin_faucet_base_col.obj	2867	ca46d7dea98c2b622b176cf17dafeea9b83129705d85785a8062186abf52678a	git-blob-sha1	eb1fbec254e9e11be0f45071cf1d4968e5b14f05
articulated_objects/basin_faucet/basin_faucet_base/visual/basin_faucet_base_vis.msh	108664	198108aef8aa6509a7777a91e561e5631c12481582f6b624cecfb97c3139754e	lfs-sha256	198108aef8aa6509a7777a91e561e5631c12481582f6b624cecfb97c3139754e
articulated_objects/basin_faucet/basin_faucet_movable/basin_faucet_movable.mtl	259	b1d150257d3ef78cfa8a73ecd679df0c5ba8fb61452d76199dad5cc863a40445	git-blob-sha1	c3196bf5d95ce14b880444ca1a456ed73c9d248c
articulated_objects/basin_faucet/basin_faucet_movable/basin_faucet_movable.obj	34282	d9a6a0d44fc2c86b77f05ab3405948bccfebaca09bd5c4fd69eb85212200b9d5	git-blob-sha1	e4af52b1d21b358551d6453567d495868d6fb05e
articulated_objects/basin_faucet/basin_faucet_movable/basin_faucet_movable.xml	1468	69b216384753495ba02f15fdb0eb41ef773277847027013c4cf2426c86151de9	git-blob-sha1	85021f4d478458da039b974aecf99b0ae86e7b1e
articulated_objects/basin_faucet/basin_faucet_movable/basin_faucet_movable_col.obj	1914	a68b25a39099798efdf719e2e936a7908d4dfc5c786132d0e05098bae7c8b6ed	git-blob-sha1	43248169bd08e4b8c4c390dfc5ef16626332c05c
articulated_objects/basin_faucet/basin_faucet_movable/visual/basin_faucet_movable_vis.msh	46672	f628041c22962681bf6fb26af03a67bb1b58d08bfb67bc35caff4c8599c6d643	git-blob-sha1	dd00d30cd6d4bfe19fa15dca34888efcc2f73463
articulated_objects/basin_faucet/ceramic.png	1442030	beef464a2aa9143ba6a25a44adcbfd1f1aff16c5969edbf08019b61025388402	lfs-sha256	beef464a2aa9143ba6a25a44adcbfd1f1aff16c5969edbf08019b61025388402
articulated_objects/faucet.xml	3128	d4d9a435db7fdc4278fa6c0c75eff17feabb48ccadf3b877dd1fb6376f0275d0	git-blob-sha1	01df1fcbe1119b389768aadbb90345af3dd2571d
articulated_objects/flat_stove.xml	7180	046748f5543cdfc1500d74f8ca60a992ad6633717396a2d4f505eb79aa102cb1	git-blob-sha1	b64cb1d72dedd7dbc1b64e29d1368846d14da80a
articulated_objects/flat_stove/button_dark_texture.png	156406	c4c9f069e1e5f976879466de9c2e158ed338f3d1fbf2a37c837abe8d432783a1	lfs-sha256	c4c9f069e1e5f976879466de9c2e158ed338f3d1fbf2a37c837abe8d432783a1
articulated_objects/flat_stove/metal.png	196878	93784216a66b52be9c8ccc3732e50f511815291e32f34f97bd139ed7229061fa	lfs-sha256	93784216a66b52be9c8ccc3732e50f511815291e32f34f97bd139ed7229061fa
articulated_objects/flat_stove/steel-scratched.png	391216	7e22a111d516cc84addde9b2b18353d8a6ec521b9b79ec5e9c169e2d9000d3fe	lfs-sha256	7e22a111d516cc84addde9b2b18353d8a6ec521b9b79ec5e9c169e2d9000d3fe
articulated_objects/flat_stove/stove_burner/burnerplate.stl	35284	93526fc3f2585e828c115f0f20d5ff43129ce7dc46c9fcc8216c4015c717bd00	git-blob-sha1	46740b572af7ae501a1e520460d8494af07d54f3
articulated_objects/flat_stove/stove_knob_base/steel-scratched.png	391216	7e22a111d516cc84addde9b2b18353d8a6ec521b9b79ec5e9c169e2d9000d3fe	lfs-sha256	7e22a111d516cc84addde9b2b18353d8a6ec521b9b79ec5e9c169e2d9000d3fe
articulated_objects/flat_stove/stove_knob_base/stove_knob_base.mtl	251	17acbcdc52bbdda65d99ad2a6cea7e02fe3b08b3c7ebf60ca601d4d31a4ba6cb	git-blob-sha1	1b2ad651492e61c775026ee325c8fb6163f265bf
articulated_objects/flat_stove/stove_knob_base/stove_knob_base.obj	7395	99d1c64c341affafd125b9e5a4aa9af97767e508b29e5052a60e7b25c1bebf75	git-blob-sha1	c6e0744a307b701c00519c7734f64189948374ec
articulated_objects/flat_stove/stove_knob_base/stove_knob_base.xml	4197	ff762270a8befbe7186a43463ade9e5ee3fe96a0fa3088c9794be16cf7ad66f7	git-blob-sha1	af75c8cd795c607da917f3261535b64e52dfbdfb
articulated_objects/flat_stove/stove_knob_base/stove_knob_base_col.obj	13281	2f7c5d703e13af5e31e01512de8a54b409f1be14ea2bf8585c3c338acee74347	git-blob-sha1	f71f74b19a21185f2400b3a3545417a0d1a89895
articulated_objects/flat_stove/stove_knob_base/visual/stove_knob_base_vis.msh	13408	d65ed847f007e5f3e1a01edb45c63ccb9f881f92479ec516028fb654f4077ddc	git-blob-sha1	35c6f02defaa7e977b2600730802bdfb21435b7a
articulated_objects/flat_stove/stove_knob_button/button_dark_texture.png	156406	c4c9f069e1e5f976879466de9c2e158ed338f3d1fbf2a37c837abe8d432783a1	lfs-sha256	c4c9f069e1e5f976879466de9c2e158ed338f3d1fbf2a37c837abe8d432783a1
articulated_objects/flat_stove/stove_knob_button/steel-scratched.png	391216	7e22a111d516cc84addde9b2b18353d8a6ec521b9b79ec5e9c169e2d9000d3fe	lfs-sha256	7e22a111d516cc84addde9b2b18353d8a6ec521b9b79ec5e9c169e2d9000d3fe
articulated_objects/flat_stove/stove_knob_button/stove_knob_button.mtl	257	f8a35f9db3d21472a9edfed0e93a93274dbfe7790673ea62e7d7c11b4ed56bce	git-blob-sha1	629d6eb5f518f79b355f5c3fce6972e30a487cc1
articulated_objects/flat_stove/stove_knob_button/stove_knob_button.obj	36265	317e8b897829d92287f27668d32b612a8c24e4ff731aa6597c329ea0058a1640	git-blob-sha1	cf1a149774bfd5ac48ec72670148244e4d1a938e
articulated_objects/flat_stove/stove_knob_button/stove_knob_button.xml	5154	51f6fd5bc9356e035e85e95e7aba54705b20c17e9ba756fb3c2fa78d389003fa	git-blob-sha1	663288fa6905bb924da023ddf2f3545ebc943375
articulated_objects/flat_stove/stove_knob_button/stove_knob_button_col.obj	17251	ba922135bb321396a45ab37ebbbd53785bdffb86ebf0f095c55c0b7638a88e94	git-blob-sha1	1c9ffd7e0409b6d427716927623e2459d9fd1582
articulated_objects/flat_stove/stove_knob_button/visual/stove_knob_button_vis.msh	34792	b7cff7b5899505d5abcfed347a86fe7ef837203560838b9d9453196a91f8a743	git-blob-sha1	6cfac06573063313b1bbf565be497e0764dc99ee
articulated_objects/meshes/faucet/faucetbase.stl	28884	cccf433788270ab5ed81db42101977ad4a4300e24f7b1a2996e82310807e32a4	git-blob-sha1	ea2cbb42aec6e9cc90ad13aa177af60f54db98b8
articulated_objects/meshes/faucet/faucethandle1.stl	6484	d65a3d25b4e79eaa6c3e64429c06576f3a2ef9b668dbcaf11c00198532e7cc85	git-blob-sha1	cc768c41deb0d19613d0c227c050a8b4c8c96c08
articulated_objects/meshes/faucet/faucethead.stl	12884	427946e8dab7b913d804a40ed0af98a6be381e6f963a15cd8132d5400ed67acb	git-blob-sha1	4472d8fa9babc92e72aed091ede4f31bc9a0863b
articulated_objects/meshes/microwave/micro.stl	14484	0825383a47b711561328d1db63ee9aa15c2c182f362298c315ee2cb2cd0fba1d	git-blob-sha1	6ed68021611282d23877e12e459b069f1b870fb7
articulated_objects/meshes/microwave/microbutton.stl	5484	d932505444c465f2a73aebbb4f2bf220f4b0978ebafd1e49f2e1c0a23f9f27b7	git-blob-sha1	2d7f1e331fa0bebfb4d63bf9112544a494d726bc
articulated_objects/meshes/microwave/microdoor.stl	6484	e65499c915972f081c969636022ffe8a31a884ea9f0fa8aa9252993644575976	git-blob-sha1	fa8c5485aae408445e6cbe8b9d74d8296330f3b5
articulated_objects/meshes/microwave/microefeet.stl	7284	2c8e6a5ba351a154d95d1d58fdea98f3c640a5836ba76de3e0fa7a23ed43df8e	git-blob-sha1	98e7069b093a1cee33c7cdd16543e279cf7228c7
articulated_objects/meshes/microwave/microfeet.stl	7284	07dc873d4e1f9a2fc5dc6e376729e5b4f5b8ed11a54e10d0bc7a22c6c7bd6bec	git-blob-sha1	a5162995d483bb128115dc373b47474288adc03d
articulated_objects/meshes/microwave/microhandle.stl	8284	b0610f828666b21e38d63c78b1e561ad28bb0914633f8af46a1dc64396b9aeab	git-blob-sha1	ed31a707e48a7c97ab45ee06277372be436c4a6c
articulated_objects/meshes/microwave/microwindow.stl	684	9f9638d4dbded50ee3ee25e6b77aa8f8abda3b17ce801528fb5c8e85d1adc7ae	git-blob-sha1	07d3c85b182f6b25099a4303d23800859daac303
articulated_objects/meshes/window/window_base.stl	2284	710a07781ad107d0d34ac84461ddcbaf2011177b47e45088cff6f9383aab79f1	git-blob-sha1	8d880199346ed2c97e92e54ef18e7f4386a4cf66
articulated_objects/meshes/window/window_frame.stl	6484	e895814914e70a5e5acab5aaab8d519bb1882487f48285c4b696a198a38810e8	git-blob-sha1	a0f4f8a8c0028b2a68a2fa80aa5fcf4a9d0e5a3d
articulated_objects/meshes/window/window_h_base.stl	2284	88f7cf4f7fcc54106e07572da71d4f92c8248f21d00bdcc52df2834e76ef5bd1	git-blob-sha1	c9dcfa88e6e1a5811b235c16321c5c072e5a40df
articulated_objects/meshes/window/window_h_frame.stl	6484	38f13ea160357b04c128cd5e1d6569743daceedde74766579ea368522d69784e	git-blob-sha1	b6008246d5481f115be285951e2cd633b754a5f1
articulated_objects/meshes/window/windowa_frame.stl	7684	d27c58927e1ee58b9fdafbb550b5351d7c85f1d75e663d8c36f2786d536bd001	git-blob-sha1	2eb2eb550a6ee212ff2317d406e9cee09218ece3
articulated_objects/meshes/window/windowa_glass.stl	684	9a45b186cf24db33025d394a6944f3a4de0bc148ab39ab9a4482eeb11a3d93fd	git-blob-sha1	f44bd3127738377d6611efa3bf58f7ec5d7298df
articulated_objects/meshes/window/windowa_h_frame.stl	7684	fa7ebc69793a2937c59be02f0431dd3d1f6cb3ca634c8a46fd72195973c7a0c4	git-blob-sha1	12cb48c8f960fee375ee2760f9dcf45c11ce6fd5
articulated_objects/meshes/window/windowa_h_glass.stl	684	c4de54e996abf80e9b77e108a168936e389f906c8000275cb2dc9949985dc0d2	git-blob-sha1	4c329c6bc91c1ea08472fabd7e79bd61e9e483a7
articulated_objects/meshes/window/windowb_frame.stl	8284	386c218c5fa3ee2b433e4debf6933ab697ba3ec88de4a3745ed34907a89c0aea	git-blob-sha1	6ca31585c7776fb0847f77fc64177101f89a6fda
articulated_objects/meshes/window/windowb_glass.stl	684	40dbe651264556eb4c85f0616351fc94308bf4a44f5c52e88896f855dcd5bf66	git-blob-sha1	c8e311622419302d2e8b75ad13b76ed38a339982
articulated_objects/meshes/window/windowb_h_frame.stl	8284	d8af150ba902822f5d7dd6403df9b5bdbd3cda4a8500a93754e62f40aa1b3c6a	git-blob-sha1	725827171d927975cf395d5b3e6a51e19fed4f91
articulated_objects/meshes/window/windowb_h_glass.stl	684	eb4d078f4102767450801631f1285755992946b714b2b70caa7c272a17e2ef97	git-blob-sha1	fefd5c1af5e2f7bad39f950574aa2cf84b3f687b
articulated_objects/microwave.xml	4442	d06c1e44acb830c529a843e566deedfc5693a6e11f68a3d1d59d49021890fbdf	git-blob-sha1	14a1522a333c54e6bc74c779fcbfba2ac79e1a0f
articulated_objects/microwave/micro.stl	14484	0825383a47b711561328d1db63ee9aa15c2c182f362298c315ee2cb2cd0fba1d	git-blob-sha1	6ed68021611282d23877e12e459b069f1b870fb7
articulated_objects/microwave/microbutton.stl	5484	d932505444c465f2a73aebbb4f2bf220f4b0978ebafd1e49f2e1c0a23f9f27b7	git-blob-sha1	2d7f1e331fa0bebfb4d63bf9112544a494d726bc
articulated_objects/microwave/microdoor.stl	6484	e65499c915972f081c969636022ffe8a31a884ea9f0fa8aa9252993644575976	git-blob-sha1	fa8c5485aae408445e6cbe8b9d74d8296330f3b5
articulated_objects/microwave/microefeet.stl	7284	2c8e6a5ba351a154d95d1d58fdea98f3c640a5836ba76de3e0fa7a23ed43df8e	git-blob-sha1	98e7069b093a1cee33c7cdd16543e279cf7228c7
articulated_objects/microwave/microfeet.stl	7284	07dc873d4e1f9a2fc5dc6e376729e5b4f5b8ed11a54e10d0bc7a22c6c7bd6bec	git-blob-sha1	a5162995d483bb128115dc373b47474288adc03d
articulated_objects/microwave/microhandle.stl	8284	b0610f828666b21e38d63c78b1e561ad28bb0914633f8af46a1dc64396b9aeab	git-blob-sha1	ed31a707e48a7c97ab45ee06277372be436c4a6c
articulated_objects/microwave/microwindow.stl	684	9f9638d4dbded50ee3ee25e6b77aa8f8abda3b17ce801528fb5c8e85d1adc7ae	git-blob-sha1	07d3c85b182f6b25099a4303d23800859daac303
articulated_objects/short_cabinet.xml	11895	410a5854aed734e046a092dbb54ad620abaad6c47ece3081e71afe0d11dc8f93	git-blob-sha1	c7d37911571ae698978f58efce9a32d14551641c
articulated_objects/short_cabinet/base/base.xml	2236	cf009448b3383bff2e24d7c66b7a75223aea42aa11f9e2aa13d69f7083572cef	git-blob-sha1	9017625db77f6da9188f72ffabb446774662ad57
articulated_objects/short_cabinet/base/base_col.obj	5648	17b085e0df62005cfc83452c3fd98f73e12b7c5e7f346b1febdd22bc7907cd9b	git-blob-sha1	1a130dc141ae9f1d141e64a86b691ee4a494e54f
articulated_objects/short_cabinet/base/base_vis.mtl	231	02380cf97cfb5f74031ea8d0d8aa3b89e865b220f26b6aba654441e32a8afdea	git-blob-sha1	6d3320726e01b4c86efa72bfb0f65c5054931ff6
articulated_objects/short_cabinet/base/base_vis.obj	8639	78dfdb1b88463da756dae0aa257676ebd446b643c233acd22309989193521cc4	git-blob-sha1	6e81834969435175a46c024fa98d1b8812f85e3a
articulated_objects/short_cabinet/base/base_vis.xml	2246	ea55e822c1c013c713934f18512801a8f1cc7f8c33c24e7138cb79ae919f4403	git-blob-sha1	982355a5ba3d51919943d34d4605b8ed8ba6a511
articulated_objects/short_cabinet/base/dark-wood.png	239227	5da8dbf7af06ecd251840aceec25fedcfa98267041cea289b2829c982e008dc3	lfs-sha256	5da8dbf7af06ecd251840aceec25fedcfa98267041cea289b2829c982e008dc3
articulated_objects/short_cabinet/base/visual/base_vis_vis.msh	10384	fc20087229d0d1d03fbae7dcf62c26568fc75a9b2cab9c43c23dc242eb935c42	git-blob-sha1	4026619bd9a5c6ba825b47030380aa69d4743c94
articulated_objects/short_cabinet/drawer_high/drawer_high.mtl	418	254d2ff43f6ebb35e635a6f7c669d560a54ce6542c85004db4fcf2142e8d2451	git-blob-sha1	05a115df4a7c85854b01aecdacd8723c47c70b0d
articulated_objects/short_cabinet/drawer_high/drawer_high.obj	95383	6bdc274d232c3de1619d8f3c54b78e510cd9030cad740024be38265429c74d88	git-blob-sha1	75c4edbb7cb03eb5fbbe15b7703ae2224fbe3773
articulated_objects/short_cabinet/drawer_high/drawer_high.xml	3206	028cdef9fa7824998d676cf389ebbeb669412e8a064b4c0cdd4d69a3334c0a44	git-blob-sha1	9456933fd47053ee964098675deab3363ad901c3
articulated_objects/short_cabinet/drawer_high/drawer_high_col.obj	9516	5b452d8011d5f15ef76116dc3c3f61dfcea995997003dd544724511a264277b5	git-blob-sha1	3fad6e2877d9f92627ef69c576a32b8bd38a3d52
articulated_objects/short_cabinet/drawer_high/visual/drawer_high_vis.msh	155104	d8b0b9c069a6ceab249afdecd63a5f79d45af72c1cf80a4e0685fe7e638f96c1	lfs-sha256	d8b0b9c069a6ceab249afdecd63a5f79d45af72c1cf80a4e0685fe7e638f96c1
articulated_objects/short_cabinet/drawer_low/drawer_low.mtl	417	b45c2fac8a9f64767116b8bb97cd379a139b47de82f1b5a6a2928a8a363b27c7	git-blob-sha1	ccea7e0493e9e42e1d5bb9824a9eca8e4f107919
articulated_objects/short_cabinet/drawer_low/drawer_low.obj	96112	8eb8b84790796765b89a4371ac25754731e0a52e3f1b6f2b8e8698156de1940a	git-blob-sha1	b5f7d793529d2c415fa250962ab1ad90900ab917
articulated_objects/short_cabinet/drawer_low/drawer_low.xml	3208	932beea17232a5377bd97cefaf946906245804878316d55fc160535fd5044b49	git-blob-sha1	3add0b3e46a0ade30c1bc0b68ff6163e42f3af24
articulated_objects/short_cabinet/drawer_low/drawer_low_col.obj	9593	99da9e5a25cdbe82d2fa3175bf5a12442c3558c6c45d7517a8ccdb8fc74572d9	git-blob-sha1	e5d091cf59300f3e72224719b38a6aaba17462e0
articulated_objects/short_cabinet/drawer_low/visual/drawer_low_vis.msh	155104	5bc6f541d59cfc15a58d7c5ed37a7d66dcc1c7145efb6997d3cffdb3bd68ecc4	lfs-sha256	5bc6f541d59cfc15a58d7c5ed37a7d66dcc1c7145efb6997d3cffdb3bd68ecc4
articulated_objects/short_cabinet/drawer_middle/drawer_middle.mtl	420	a8b5fbdeb4e18f98655b88101b84a4731bb1edd1e7d58803846776222f47d570	git-blob-sha1	f2bd1014d48f5dd7c30c41dfec2d9c1eb432c370
articulated_objects/short_cabinet/drawer_middle/drawer_middle.obj	95595	4710ef507ff2a89d257ccd32ca2584dbf9bac7598f20f512f8c10a7ff96fa146	git-blob-sha1	0bba74bddbbc62676c3851dd247b9149eb5fef9c
articulated_objects/short_cabinet/drawer_middle/drawer_middle.xml	3226	03145eb45141b68a8266d48e8806f3a7e715beebbca4b793aacba1644aed4f16	git-blob-sha1	6e5f634cbe7e654fb8510b056a09d166d1210ffb
articulated_objects/short_cabinet/drawer_middle/drawer_middle_col.obj	9578	22920efa5529a2b3ba9a659a0b9cb8948671a2c68e6fdf401ad4268f32b1c700	git-blob-sha1	7e842f90d08815eeccbc147e4aa19d1172b29092
articulated_objects/short_cabinet/drawer_middle/visual/drawer_middle_vis.msh	155104	57c71536261b759a2260de5ee0c9b22d393574f3024542e6913632ad86c87865	lfs-sha256	57c71536261b759a2260de5ee0c9b22d393574f3024542e6913632ad86c87865
articulated_objects/short_fridge.xml	6713	4f928ee9c0dee7d14f2e95aef425a4f713c10c41a590a4407f501f0d5dc3376a	git-blob-sha1	b7ba0481e9c03d578413489a718fff0632182559
articulated_objects/short_fridge/base/base.mtl	968	83fb273efd6187b4b7d03730d8bef4f02a1520e66e2ad70d622146f0602370a3	git-blob-sha1	8f64e45e2c17a6da0b600de06bea5f418b28c5f5
articulated_objects/short_fridge/base/base.obj	265129	688eef6e03b6eb7a40774a07678c32cb86d93c1e91dbfbc0b63e6ebfa12da2fb	git-blob-sha1	c9e61548ab14d200cda18e09fa4d0d0222472f43
articulated_objects/short_fridge/base/base.xml	3628	3a8593e4f6ffa4a1e3f8dde3ad07f2be19650496b9a5b2789f104562173ba95b	git-blob-sha1	db8cabfbd6c32a85dbd40e9eb8cfaa4ade6f8525
articulated_objects/short_fridge/base/base_col.obj	11530	7f386d0fe17a83195369ff53eafdb61620ef39de0705fafd47fb0d6837885294	git-blob-sha1	2e0c2fb092a3fc477ee8eaf629425f1327b62bd5
articulated_objects/short_fridge/base/visual/base_layers_vis.msh	13624	093ab3dca3ba5b40072c20d0e056a69f358714451f7574088ef47ad5f9335fd8	git-blob-sha1	367ea7631e154f6ad67e34632c6c1f1ff7fff357
articulated_objects/short_fridge/base/visual/base_vis.msh	410848	1909bc959ccd4547b036b3722d62e4b6286b1494e08f337438006ed8d95e3285	lfs-sha256	1909bc959ccd4547b036b3722d62e4b6286b1494e08f337438006ed8d95e3285
articulated_objects/short_fridge/door/door.mtl	606	5eca2c4ea106ea001544589ab5426220f2ebe093c1611d570ad07fa47e7f5add	git-blob-sha1	f4beff40b6c9aad244d19167b1000289e84efda8
articulated_objects/short_fridge/door/door.obj	7249	d53f61cbbfce038036cbf644b01f342445f7e28753a0049937498b8f22cf700d	git-blob-sha1	42de189d897dcaf2ef13a55aa8f904e1ac997b42
articulated_objects/short_fridge/door/door.xml	2204	ef1f05aafed78d6a41e21d878719d0a21b95c01668102aebefca7a0774211085	git-blob-sha1	058703c5fa3d05aa1f204dd1621ec40183d41a83
articulated_objects/short_fridge/door/door_col.obj	5671	6482edba714e46cb7d3448a553c34b119d1e0d85884c8f880caad9028282dced	git-blob-sha1	85f5874b8945911091ef113739cd34d514c2dd9e
articulated_objects/short_fridge/door/visual/door_vis.msh	14704	92c07a06c45e9352cda2209b5ee4549d89bd9bb7a4a548648dc396e5300dd717	git-blob-sha1	2be7857eb3bdaaa1f3e6423a021600d128b32c4a
articulated_objects/short_fridge/metal.png	196878	93784216a66b52be9c8ccc3732e50f511815291e32f34f97bd139ed7229061fa	lfs-sha256	93784216a66b52be9c8ccc3732e50f511815291e32f34f97bd139ed7229061fa
articulated_objects/slide_cabinet.xml	3738	6b311ceba0cebb94777c92111b5cc977b65fbf2cbe7169867d29579261a16b8b	git-blob-sha1	5d444be0084c755491caf7aaba5d1b29cd9a891b
articulated_objects/textures/metal1.png	289552	0d25fa8affbb0f579220f0cdad6ee74f875495822ee79bb5afd23d73671f6363	lfs-sha256	0d25fa8affbb0f579220f0cdad6ee74f875495822ee79bb5afd23d73671f6363
articulated_objects/textures/metal2.png	228486	70bf8f1c02841b802bcdabd734c8190f39e45cb3b4f916ddcad22335a26d5c12	lfs-sha256	70bf8f1c02841b802bcdabd734c8190f39e45cb3b4f916ddcad22335a26d5c12
articulated_objects/white_cabinet.xml	14365	b8ebf670ad0d5533d9fedbfdd7909d263792fc6725d4ca5d4df987660cee264a	git-blob-sha1	01acc4c96feb075ecd1ffbba452599416f2f6aca
articulated_objects/white_cabinet/metal.png	196878	93784216a66b52be9c8ccc3732e50f511815291e32f34f97bd139ed7229061fa	lfs-sha256	93784216a66b52be9c8ccc3732e50f511815291e32f34f97bd139ed7229061fa
articulated_objects/white_cabinet/white_cabinet_base/visual/white_cabinet_base_vis.msh	21400	8bcf371361562de9ac8ac2fe06db6b6b695dde3cbe50e86de5a6e272d21e1f9c	git-blob-sha1	e8d8a999b50da6c7f2b4896bab59a19749be4f32
articulated_objects/white_cabinet/white_cabinet_bottom/visual/white_cabinet_bottom_vis.msh	9088	23181bdeb6ce44e3634318e6c946fa00f568eb25256b8546558775eda691700c	git-blob-sha1	26ffd95a0eebcc7abf96f4afb106ec1311116478
articulated_objects/white_cabinet/white_cabinet_bottom_handle/visual/white_cabinet_bottom_handle_vis.msh	40192	a61587cbcebb8a8ad5dc0d8c60e6db4747a5a118397485a0a5eb5e171c2d397e	git-blob-sha1	af2f7d708366aae9fc6d878d7bea1493b6d9c755
articulated_objects/white_cabinet/white_cabinet_middle/visual/white_cabinet_middle_vis.msh	9088	580eead06792affbd91c1b5c17e3d1c94082fcb247eb4812d1a8ac4c120253c5	git-blob-sha1	74bc8594b02936b1b652ba6abb43d3973da15a0b
articulated_objects/white_cabinet/white_cabinet_middle_handle/visual/white_cabinet_middle_handle_vis.msh	40192	1688f375dde79450d9e5cfcb5dc17a16c27018c9dbf74513577588d54e62e0a8	git-blob-sha1	e14ba760bcc35281e8a15c2d49a689ceb94e6b2f
articulated_objects/white_cabinet/white_cabinet_top/visual/white_cabinet_top_vis.msh	9088	2b7c08ad3740ad45965eaedd9cf07f64ea12dd4044cac7e71fa5b601b4cbb481	git-blob-sha1	e47e2966277288ffc240ddb9b6fbba835f03ef9c
articulated_objects/white_cabinet/white_cabinet_top_handle/visual/white_cabinet_top_handle_vis.msh	40192	58924271007a30a14eda7111e7eefd7be3f8b04a1d31bbf4964d7da419282df6	git-blob-sha1	cb4cc931e5349e12ba23554af9bef8fb4a9f80b3
articulated_objects/white_cabinet/white_wood.png	2209978	43524d6bca8df5042d5b45d0b0e458f34ea7f2d6445d026c5b204ee32acd8bea	lfs-sha256	43524d6bca8df5042d5b45d0b0e458f34ea7f2d6445d026c5b204ee32acd8bea
articulated_objects/window.xml	6773	9f3b37fd0c834b0ac5f7004b7a9672f76fba19bf80af523776e18eb11d9a338f	git-blob-sha1	bd77f163a1e9ab804a655669fc67076bc5aa73af
articulated_objects/wooden_cabinet.xml	14435	eca251258c7ff6a05fa181a316c767508801812f4ea870921f3ce28fd82ea7af	git-blob-sha1	25be7cb2b37dafb6272c6b1f9561eb9b841fdf4c
articulated_objects/wooden_cabinet/dark_fine_wood.png	42358	9aaa94ef4cd61592b566569bba3569276a38ea5ff22ed4b978b77b038b38a11f	lfs-sha256	9aaa94ef4cd61592b566569bba3569276a38ea5ff22ed4b978b77b038b38a11f
articulated_objects/wooden_cabinet/metal.png	196878	93784216a66b52be9c8ccc3732e50f511815291e32f34f97bd139ed7229061fa	lfs-sha256	93784216a66b52be9c8ccc3732e50f511815291e32f34f97bd139ed7229061fa
articulated_objects/wooden_cabinet/wooden_cabinet_base/dark_fine_wood.png	42358	9aaa94ef4cd61592b566569bba3569276a38ea5ff22ed4b978b77b038b38a11f	lfs-sha256	9aaa94ef4cd61592b566569bba3569276a38ea5ff22ed4b978b77b038b38a11f
articulated_objects/wooden_cabinet/wooden_cabinet_base/visual/wooden_cabinet_base_vis.msh	21400	8bcf371361562de9ac8ac2fe06db6b6b695dde3cbe50e86de5a6e272d21e1f9c	git-blob-sha1	e8d8a999b50da6c7f2b4896bab59a19749be4f32
articulated_objects/wooden_cabinet/wooden_cabinet_base/wooden_cabinet_base.mtl	493	d27518e28b7acd8ee6ee87b7346be3dfcb26fa8738655ced2fd31511649e95db	git-blob-sha1	19ffce7e5647580c08c4424edf3abea218d16f0c
articulated_objects/wooden_cabinet/wooden_cabinet_base/wooden_cabinet_base.obj	14231	078566aa8c6f2d35e07298396076b4b77bd9426919503eb84eb71ddb1d608549	git-blob-sha1	490e9d18a3d4352b0ca33c99d50fad85e91b1d86
articulated_objects/wooden_cabinet/wooden_cabinet_base/wooden_cabinet_base.xml	3037	3bf642de516e408bec7d8aa4cfbb9252d7f3a53ad17a79114a7037a90bbd3171	git-blob-sha1	d0933207c5330bab28e2db41f11c17fb5d71969b
articulated_objects/wooden_cabinet/wooden_cabinet_base/wooden_cabinet_base_col.obj	11202	1e44c01a525ceb50e190bbf5f6bf42ca932859c298da30febeb5250f6ae15722	git-blob-sha1	2f8f50ebf2a6eefab21e41b1faeb4d3cec743a6d
articulated_objects/wooden_cabinet/wooden_cabinet_bottom/dark_fine_wood.png	42358	9aaa94ef4cd61592b566569bba3569276a38ea5ff22ed4b978b77b038b38a11f	lfs-sha256	9aaa94ef4cd61592b566569bba3569276a38ea5ff22ed4b978b77b038b38a11f
articulated_objects/wooden_cabinet/wooden_cabinet_bottom/visual/wooden_cabinet_bottom_vis.msh	9088	23181bdeb6ce44e3634318e6c946fa00f568eb25256b8546558775eda691700c	git-blob-sha1	26ffd95a0eebcc7abf96f4afb106ec1311116478
articulated_objects/wooden_cabinet/wooden_cabinet_bottom/wooden_cabinet_bottom.mtl	252	9713106daaf2d8ce68086c8dfe4bfd6fffc419cdd1594a0e5bf71a25abb6773e	git-blob-sha1	3c711c85a800416c1ea8191ed1cbdf2fabb7bdfd
articulated_objects/wooden_cabinet/wooden_cabinet_bottom/wooden_cabinet_bottom.obj	5341	175eb7d8e351ca648b229687826eb21f3eea1ae868f29639f6236cb31c9c0562	git-blob-sha1	818a91e25119fffdac887617d2c0763d7e638503
articulated_objects/wooden_cabinet/wooden_cabinet_bottom/wooden_cabinet_bottom.xml	2350	a466dbada22f6766802daae274594a1cd274a2783a44961eee68798daa85fc13	git-blob-sha1	3788246076751e251d0f49c40afcc042353b3e45
articulated_objects/wooden_cabinet/wooden_cabinet_bottom/wooden_cabinet_bottom_col.obj	5609	7da66a6916224c9bcd868bf287d54b9b39901df4abab1b04a9a60cc5b0ada415	git-blob-sha1	af403f737ecef2c9b01ae72e9d3fec520bf546fd
articulated_objects/wooden_cabinet/wooden_cabinet_bottom_handle/dark_fine_wood.png	42358	9aaa94ef4cd61592b566569bba3569276a38ea5ff22ed4b978b77b038b38a11f	lfs-sha256	9aaa94ef4cd61592b566569bba3569276a38ea5ff22ed4b978b77b038b38a11f
articulated_objects/wooden_cabinet/wooden_cabinet_bottom_handle/visual/wooden_cabinet_bottom_handle_vis.msh	40192	a61587cbcebb8a8ad5dc0d8c60e6db4747a5a118397485a0a5eb5e171c2d397e	git-blob-sha1	af2f7d708366aae9fc6d878d7bea1493b6d9c755
articulated_objects/wooden_cabinet/wooden_cabinet_bottom_handle/wooden_cabinet_bottom_handle.mtl	437	5743e439d6a8d8c45401b16f5eeca80093c4fb0857ba54fc421853ff083140da	git-blob-sha1	c46aae1cb8447f169997118df8deb2199c73d0ee
articulated_objects/wooden_cabinet/wooden_cabinet_bottom_handle/wooden_cabinet_bottom_handle.obj	22912	bafafa9ea5cc2cd140d1a56064f9ce24d3769112e2b5147347a6325262443ac2	git-blob-sha1	1f2cf2263dc8715737bc7b2f0dc2a2ba4fd1a608
articulated_objects/wooden_cabinet/wooden_cabinet_bottom_handle/wooden_cabinet_bottom_handle.xml	1704	166ec7fd884e9119f2f13ae5f232ce0273b017770c16ad726b81e87e5b6fa7ca	git-blob-sha1	73c403305b30e076202dc8ef4cb2ea2acd705dae
articulated_objects/wooden_cabinet/wooden_cabinet_bottom_handle/wooden_cabinet_bottom_handle_col.obj	2820	b0a2f56c4d2996e06965639b84f963af43bcea72ce21f96de090e1a2326109f5	git-blob-sha1	dd2da7097c1cd32be86bf50762fcb6d6b54e5668
articulated_objects/wooden_cabinet/wooden_cabinet_middle/dark_fine_wood.png	42358	9aaa94ef4cd61592b566569bba3569276a38ea5ff22ed4b978b77b038b38a11f	lfs-sha256	9aaa94ef4cd61592b566569bba3569276a38ea5ff22ed4b978b77b038b38a11f
articulated_objects/wooden_cabinet/wooden_cabinet_middle/visual/wooden_cabinet_middle_vis.msh	9088	580eead06792affbd91c1b5c17e3d1c94082fcb247eb4812d1a8ac4c120253c5	git-blob-sha1	74bc8594b02936b1b652ba6abb43d3973da15a0b
articulated_objects/wooden_cabinet/wooden_cabinet_middle/wooden_cabinet_middle.mtl	252	b24b7d41e88e3c078b3c5cc9f5bbb75af0b801219c9a588f4c580e34af02da8c	git-blob-sha1	9c6f534eeda444ee74907625ffb1772d98311994
articulated_objects/wooden_cabinet/wooden_cabinet_middle/wooden_cabinet_middle.obj	5332	06e38b9682eeecd5ec04588d43485a85ea964fb9b75f95b7613f48d74b88b7a7	git-blob-sha1	58996074a8ad9de5cc1fcd67d2144d079f4ec7a8
articulated_objects/wooden_cabinet/wooden_cabinet_middle/wooden_cabinet_middle.xml	2350	793356bcfba7fcaf76789d103887682bfe3ffe045aa45b085b41aefff8583b12	git-blob-sha1	095ce2ba4e5cfed3d8d32797760a91b4e803a1d1
articulated_objects/wooden_cabinet/wooden_cabinet_middle/wooden_cabinet_middle_col.obj	5609	379aa9b1a94f19b24bbcd5d8884dddfb2e4c08d79fcc7040a995e07335b6f16c	git-blob-sha1	8bc326bcd34d1fd107ee31f656c4ab940f44658e
articulated_objects/wooden_cabinet/wooden_cabinet_middle_handle/metal.png	196878	93784216a66b52be9c8ccc3732e50f511815291e32f34f97bd139ed7229061fa	lfs-sha256	93784216a66b52be9c8ccc3732e50f511815291e32f34f97bd139ed7229061fa
articulated_objects/wooden_cabinet/wooden_cabinet_middle_handle/visual/wooden_cabinet_middle_handle_vis.msh	40192	1688f375dde79450d9e5cfcb5dc17a16c27018c9dbf74513577588d54e62e0a8	git-blob-sha1	e14ba760bcc35281e8a15c2d49a689ceb94e6b2f
articulated_objects/wooden_cabinet/wooden_cabinet_middle_handle/wooden_cabinet_middle_handle.mtl	437	5c2352078b630e50a5d614f49e0aac2c50f7b816e2616539e5269c8fce77a99c	git-blob-sha1	711a33f5480ac1113ffc7e4f14cd3c71511eaab8
articulated_objects/wooden_cabinet/wooden_cabinet_middle_handle/wooden_cabinet_middle_handle.obj	22912	87564ff8aa2a426a0b8028f899a8289fc71da73675f347ae34bbd9ef3f184399	git-blob-sha1	dac4a6638cbfddb772ebc1b4e3224772b8d06800
articulated_objects/wooden_cabinet/wooden_cabinet_middle_handle/wooden_cabinet_middle_handle.xml	1695	aa06707477c7cb27bf66a2576079f46f8af6124a5e88a2f6b25c09f248227387	git-blob-sha1	30dc5a80b8c5d8a3ebdd5b8217394b18703671c6
articulated_objects/wooden_cabinet/wooden_cabinet_middle_handle/wooden_cabinet_middle_handle_col.obj	2820	37777567eaa147df8e98caa5e4cdac7459b46ec908a4063e7b05b21aedabc363	git-blob-sha1	202fffa3a424c5195e9a18ff81ee08d631ae8916
articulated_objects/wooden_cabinet/wooden_cabinet_top/dark_fine_wood.png	42358	9aaa94ef4cd61592b566569bba3569276a38ea5ff22ed4b978b77b038b38a11f	lfs-sha256	9aaa94ef4cd61592b566569bba3569276a38ea5ff22ed4b978b77b038b38a11f
articulated_objects/wooden_cabinet/wooden_cabinet_top/visual/wooden_cabinet_top_vis.msh	9088	2b7c08ad3740ad45965eaedd9cf07f64ea12dd4044cac7e71fa5b601b4cbb481	git-blob-sha1	e47e2966277288ffc240ddb9b6fbba835f03ef9c
articulated_objects/wooden_cabinet/wooden_cabinet_top/wooden_cabinet_top.mtl	253	292058e4d6ed4288f511b9690646f852cfa3dd92422120571b5840491193845d	git-blob-sha1	27e9ca508964c98db224d9b7cf5fa26dbf1a4aa1
articulated_objects/wooden_cabinet/wooden_cabinet_top/wooden_cabinet_top.obj	5342	1c53811ea4d2df3e0fcfaa6e9d657ebfcaa2d9392f24646a1627a36661a8ee28	git-blob-sha1	e7102c3858c7bcadd16381e745680591fca22498
articulated_objects/wooden_cabinet/wooden_cabinet_top/wooden_cabinet_top.xml	2326	34068772ecb0a277fd367203c8b34dc5dc587705b4e340bd2c845516cca41375	git-blob-sha1	53e6bb9d5cfef16f308dac8f77865016a448f506
articulated_objects/wooden_cabinet/wooden_cabinet_top/wooden_cabinet_top_col.obj	5606	7b8d28d0e0630892b6b60ba6acd8c0276ad6368d74db8dc6b73c8ad6778b8621	git-blob-sha1	aef64c1bc92bcec5e1fb2a64a29dc6ca604a8962
articulated_objects/wooden_cabinet/wooden_cabinet_top_handle/metal.png	196878	93784216a66b52be9c8ccc3732e50f511815291e32f34f97bd139ed7229061fa	lfs-sha256	93784216a66b52be9c8ccc3732e50f511815291e32f34f97bd139ed7229061fa
articulated_objects/wooden_cabinet/wooden_cabinet_top_handle/visual/wooden_cabinet_top_handle_vis.msh	40192	58924271007a30a14eda7111e7eefd7be3f8b04a1d31bbf4964d7da419282df6	git-blob-sha1	cb4cc931e5349e12ba23554af9bef8fb4a9f80b3
articulated_objects/wooden_cabinet/wooden_cabinet_top_handle/wooden_cabinet_top_handle.mtl	434	37a437fc60a1dcec13e2e73b7dd46b27402b56e14ee0220406c59598636eeb85	git-blob-sha1	6687ded9bb7e5e794cb7ed64a77f213d4c39bad3
articulated_objects/wooden_cabinet/wooden_cabinet_top_handle/wooden_cabinet_top_handle.obj	22909	bafde2d9e79540aed7a4afaff122c0495534652343b558debd861e5b412e39b0	git-blob-sha1	6b3a88ba7562eee254108336a87ddb5aa5ba8b01
articulated_objects/wooden_cabinet/wooden_cabinet_top_handle/wooden_cabinet_top_handle.xml	1671	eb7e584cfa8cafadaa9aeb86d0a33e9de1cfdd0f221b2f9cae3540e5acc14ed5	git-blob-sha1	fec28e2cdf3dcdbecb02d9597ebe62959f5f907c
articulated_objects/wooden_cabinet/wooden_cabinet_top_handle/wooden_cabinet_top_handle_col.obj	2817	214ed5978d473d9de08a0a91bfb8d834cab8b18d6c8605b2e51eda9dc6b67f68	git-blob-sha1	b27f829b01f62d43d5d393e62b1bf2fed67211e8
scenes/black_book/black_book.mtl	657	48a3690643d78b1db5770a3747f0e3da18f391e066d8a954578cc2ff255c4b97	git-blob-sha1	816b86737f9684bfba4785c83d5217a3b6d7aa13
scenes/black_book/black_book.obj	512689	affcdf1de967906914c37d819def2b16f00b8ca4c63002e6fdc32a636cf77e25	git-blob-sha1	34025c798161d9293fa521ad2781f8bcdda68764
scenes/black_book/black_book.xml	1094	545baee0e196261da00e96270b055bb91658988e25dc8a859e20750d17fcdfa5	git-blob-sha1	572749cac2d61accd69de02b77f1e1c3f5089a02
scenes/black_book/black_book_texture.png	186624	b743b0e878a10e579371707f3d135c6e7a80a8c307fffabfe1fea6a784830ec2	lfs-sha256	b743b0e878a10e579371707f3d135c6e7a80a8c307fffabfe1fea6a784830ec2
scenes/black_book/collision/black_book_ch.stl	3884	90567f718d3b2fcc4ce7722c95b5bff891b9e0920d2b2ec389e149e26e655f52	git-blob-sha1	ed65ad7a26968e7a322ee67e34258d13ae5040df
scenes/black_book/visual/black_book_vis.msh	773296	ca4a7f95bad5dee37a99c0374df132eadf5f8304770e5830f3286d730c844049	lfs-sha256	ca4a7f95bad5dee37a99c0374df132eadf5f8304770e5830f3286d730c844049
scenes/coffee_table_seats/FabricLeatherBuffaloRustic001_COL_VAR1_4K.png	12825082	6fabe46d134c4e0c7058795535df2e84a34bd5e2af83f881037a398f20629d57	lfs-sha256	6fabe46d134c4e0c7058795535df2e84a34bd5e2af83f881037a398f20629d57
scenes/coffee_table_seats/coffee_table_seats.mtl	293	56cf5412654c21a39b31e7a4820cd3f363b7c921588640ea6a5252c15dacdfee	git-blob-sha1	dfd171b1c1f172a11283c76538cb7ef2435fedaa
scenes/coffee_table_seats/coffee_table_seats.obj	1633914	69c4d8590bb31d773c1263fbe0b50bd07e7f62a8be522398b47733a41122cf92	git-blob-sha1	f90232a7940d323d7cf4bd7701618fdf9659abc8
scenes/coffee_table_seats/coffee_table_seats.xml	1205	a054e2190c18635a58193e8a49af140dc7f9fe7c570f30c3114216fff94ea624	git-blob-sha1	ce49fec39ab49746af9ae5f759e17e564d2e0f08
scenes/coffee_table_seats/collision/coffee_table_seats_ch.stl	103284	9017472a107c5e56c5222ca5212163b3156d19d10c773a717a835046d3cd81c3	lfs-sha256	9017472a107c5e56c5222ca5212163b3156d19d10c773a717a835046d3cd81c3
scenes/coffee_table_seats/visual/coffee_table_seats_vis.msh	2073616	a206214be7f9ebb9d1a0358fffe07efbdae513e822371803480da67d4b7ae0fd	lfs-sha256	a206214be7f9ebb9d1a0358fffe07efbdae513e822371803480da67d4b7ae0fd
scenes/desk/desk.mtl	657	15468f6c5158879f62e3d6e6390e997e78b71f7ce801f5874aac7b76c9c87568	git-blob-sha1	03b24252a3584ff238013d64f2c3d692390c25a2
scenes/desk/desk.obj	380512	e3d72e58b3154b963a6bfd94ca298f4a3e45ab35461dc4aeb14001574fd337a6	git-blob-sha1	d8ec9217d234051506bdef07816b03e4b9556149
scenes/desk/desk.xml	2453	2d2e9d4bcab289fdad9b35958634c9ffb6faba9ef3103f53dfe98222556b8834	git-blob-sha1	f197d078b7836e381fa8b687ec21fca95aafac78
scenes/desk/desk_col.obj	6524	9e2da6ad271c02fdeb3d01e2b32d60d6911c30a3ec8345d0bae5ea9397fd3303	git-blob-sha1	52dcd9625b6173d0dd0f28d4b5654be4fdf3d799
scenes/desk/desk_texture.png	489350	f1f228aca1dab2c88833d00d10983d3df62e64569bb61ad66865490cbd08a5c3	lfs-sha256	f1f228aca1dab2c88833d00d10983d3df62e64569bb61ad66865490cbd08a5c3
scenes/desk/visual/desk_vis.msh	742624	b883c91335372a5f7be2af0b83b95d2db429a5010110c8ca9739aef03d15f8f3	lfs-sha256	b883c91335372a5f7be2af0b83b95d2db429a5010110c8ca9739aef03d15f8f3
scenes/floor_lamp/collision/floor_lamp_ch.stl	149584	47f1aa661fb6f911b3ace8b56dc2ea048a2a62b1e65a197252a2076561723191	lfs-sha256	47f1aa661fb6f911b3ace8b56dc2ea048a2a62b1e65a197252a2076561723191
scenes/floor_lamp/floor_lamp.mtl	2447	7dee3862d3a05ce58f0184efe96374d0a31f913c70053e89907b2862e1bdf504	git-blob-sha1	3a525c1434e9ff8d0ea6ccd9f4dbf987b62ce1c3
scenes/floor_lamp/floor_lamp.obj	5687626	350b693a756f59e86a58900f7125681db5fddc2664a712177473f83578acb70f	git-blob-sha1	24e5894dc48fd27a09582847122a558c91cc0d00
scenes/floor_lamp/floor_lamp.xml	1088	e159e83b0d6db2cb79634c3c67e290cbf87f87012c6acf0f57669d6ca6d70141	git-blob-sha1	255e97f34a6b230593c9485343ae138fe4a7976e
scenes/floor_lamp/lamp_texture.png	24160	a9735321ebc866113449bc4debb0c078752389d2b50541313ae7788f0fcde80d	lfs-sha256	a9735321ebc866113449bc4debb0c078752389d2b50541313ae7788f0fcde80d
scenes/floor_lamp/visual/floor_lamp_vis.msh	7983160	6de4776381809fdc2f7a6eae997a8269fb40fe09ef977e05a3e4fa1949a4e949	lfs-sha256	6de4776381809fdc2f7a6eae997a8269fb40fe09ef977e05a3e4fa1949a4e949
scenes/fridge/collision/fridge_ch.stl	43284	24021f65a7de77d8a5ca40cc628881125a19c7b46ae163814459a21eab0fb458	git-blob-sha1	7d61fc964e2cacc69c28cbbc1cbe673ad47b9b41
scenes/fridge/fridge.mtl	265	fc75ca1e3572dcaf01bd695663726a0b0e3ea92ba326b2853e16ac9783097c3c	git-blob-sha1	2926b5c68853c0722df159a355039e1b3d889be5
scenes/fridge/fridge.obj	878298	e30e81dbca9c09d5fe53759bb5ecad545586b9c898b9e712e55c58d6ec9107fe	git-blob-sha1	2fdb991eb1c1b10293db960e65fe4b16ddc64127
scenes/fridge/fridge.xml	1057	1693356b04eb8a03e9a1e04a2707a052be72b2583088dc1e24489fb00bfcff58	git-blob-sha1	ec80d6280eb9361b8533550cb099cd370b8425ea
scenes/fridge/kitchen_fridge_background.png	26145	f29dcf2c6135094db9dc5800756fa41806d0d9f299d9bf897bc464ab6c2cc163	lfs-sha256	f29dcf2c6135094db9dc5800756fa41806d0d9f299d9bf897bc464ab6c2cc163
scenes/fridge/metal.png	196878	93784216a66b52be9c8ccc3732e50f511815291e32f34f97bd139ed7229061fa	lfs-sha256	93784216a66b52be9c8ccc3732e50f511815291e32f34f97bd139ed7229061fa
scenes/fridge/steel-scratched.png	391216	7e22a111d516cc84addde9b2b18353d8a6ec521b9b79ec5e9c169e2d9000d3fe	lfs-sha256	7e22a111d516cc84addde9b2b18353d8a6ec521b9b79ec5e9c169e2d9000d3fe
scenes/fridge/visual/fridge_vis.msh	1395808	41edbedd182c3c27ffe8bc2c2808f61bc575c80bc37d717a17af71d10a04a208	lfs-sha256	41edbedd182c3c27ffe8bc2c2808f61bc575c80bc37d717a17af71d10a04a208
scenes/kitchen_background/collision/kitchen_background_ch.stl	5284	1bdfe6d57957507209c52c1c1e417e0046095318c9a5eb5dabd7a7e5e58bda9b	git-blob-sha1	41f21089b79fb704c6abdb0566f5172fb7a50732
scenes/kitchen_background/kitchen_background.mtl	2509	4689a75145a7cb9a7ab2890ee77a3c41e9b1d35b0105caf78ae9b23c6f440179	git-blob-sha1	fdd907d2ed2ef763a0b35219c7436c6e9dd6b833
scenes/kitchen_background/kitchen_background.obj	4942104	bbbe1c1bcc350199686cef73309188d5cf20a0790195df2d3196ca7ec8e41665	git-blob-sha1	d281a3daea9c27e195b2c71b7f613848a51fc5d2
scenes/kitchen_background/kitchen_background.png	172490	cb9379766b531eb8e6f44a1fa3df92430e0c73c6c3856a88521510e689bca15a	lfs-sha256	cb9379766b531eb8e6f44a1fa3df92430e0c73c6c3856a88521510e689bca15a
scenes/kitchen_background/kitchen_background.xml	1194	75b39ca51105f7f20753acc398d7d336c61b3ca801b9af9b38085c77fa39c4f9	git-blob-sha1	76e3aa06b734bf8dae91e002deeaa9c7744bffb9
scenes/kitchen_background/visual/kitchen_background_vis.msh	7534528	6b2487166e07650ba787129919fb3c4f77bfd912fdd4e265f5bf68992175417a	lfs-sha256	6b2487166e07650ba787129919fb3c4f77bfd912fdd4e265f5bf68992175417a
scenes/kitchen_background_hot_pot/collision/kitchen_background_hot_pot_ch.stl	52284	89fce5022a9c4651182adb331eb27b10aef2ba9cc3229f36d82c843f780885ef	git-blob-sha1	3a25097efbbd712282cdf3e10525cb53047bb82a
scenes/kitchen_background_hot_pot/kitchen_background_hot_pot.mtl	376	2c1f20c1ea418dc76580ae3bea4b490bbc0c4748882f0f28d5b5b334288270ce	git-blob-sha1	f6e305e900c9c4eff22820e0c855ce6f3e9d332d
scenes/kitchen_background_hot_pot/kitchen_background_hot_pot.obj	536306	2be420109a73493e40f14b0c7ffc327b4d208f972a6296ebf313330cbdc557ed	git-blob-sha1	78b14c67282b0fb47afac614f02ae5f4600cf75a
scenes/kitchen_background_hot_pot/kitchen_background_hot_pot.xml	1278	f9c219f2aa7712ccbf57a8b552b364c3e256d2a03f8574a57eacb2266b8a47d4	git-blob-sha1	3f24d154c8fdc25e6f471081b4d1b796007e1e59
scenes/kitchen_background_hot_pot/visual/kitchen_background_hot_pot_vis.msh	845440	05c173fb9ae96f7ed2fdccbeb14abb38e8db601f7802e9b78db04d9a5e2b0ce2	lfs-sha256	05c173fb9ae96f7ed2fdccbeb14abb38e8db601f7802e9b78db04d9a5e2b0ce2
scenes/kitchen_background_pot/collision/kitchen_background_pot_ch.stl	183784	91f3a0265ed7173debf1a4fd12216f0c2edf696967d84a21ac5f36a0875df996	lfs-sha256	91f3a0265ed7173debf1a4fd12216f0c2edf696967d84a21ac5f36a0875df996
scenes/kitchen_background_pot/kitchen_background_pot.mtl	1197	8c56bb556574611511e276edd04c5b1b6591c1afb1cebbc7ee40caf2c9247b14	git-blob-sha1	8a6d981986f12e404e51d218887f6e88c2c09278
scenes/kitchen_background_pot/kitchen_background_pot.obj	3828839	40396518a0149e7d2fb2310828c62baec65122db8ace5c6b611b61f5b3541a33	git-blob-sha1	db309cbcf570a1a2ba70dfc5f5ca92de6c928b46
scenes/kitchen_background_pot/kitchen_background_pot.png	19103	d953b50c28c2e7c42e5a31bee757984ea398ce464917edb4d02cb188dfc9b44f	lfs-sha256	d953b50c28c2e7c42e5a31bee757984ea398ce464917edb4d02cb188dfc9b44f
scenes/kitchen_background_pot/kitchen_background_pot.xml	1242	66707641ae01fd0754cf7c0e1a5131297bb914abde1219b2f3a3ffaa9aa74fce	git-blob-sha1	65646e467269a2f4c86ec64c2ced3593464d983e
scenes/kitchen_background_pot/visual/kitchen_background_pot_vis.msh	4344316	f3348ee8738bcaf84b6f9df6cae65d764bbc159410aea32d5d40c09dc58b69ec	lfs-sha256	f3348ee8738bcaf84b6f9df6cae65d764bbc159410aea32d5d40c09dc58b69ec
scenes/kitchen_background_stove/collision/kitchen_background_stove_ch.stl	17584	3d67469f09eb72441b8a4aedd6ad4067beae53e295d5813897c0fb7e14e42ecb	git-blob-sha1	9e5ca16cff0db69b20301621579396c8399d5be2
scenes/kitchen_background_stove/kitchen_background_stove.mtl	861	93567e4194b28fe7d652ad5e332a56071b358d1d085893700f850a29a3825177	git-blob-sha1	7ac8452c30ac8d83ece972be1b122e49f42c6aca
scenes/kitchen_background_stove/kitchen_background_stove.obj	5189498	d0ee253d9b09e3138f55a92d3b04ac17cf35b1f0d740d340cdcf17127327455f	git-blob-sha1	b6a4c4ef5a651d2f481623d8fe178a21f52bd62c
scenes/kitchen_background_stove/kitchen_background_stove.png	38611	05be4ff65b6f9f4e89332b97628e9b9f1a176562afca6e14f5d325bd41f36e72	lfs-sha256	05be4ff65b6f9f4e89332b97628e9b9f1a176562afca6e14f5d325bd41f36e72
scenes/kitchen_background_stove/kitchen_background_stove.xml	1260	7e837d229d8b1e297c9698f332691871afebdaa0381d0a661266c22c05796787	git-blob-sha1	3969a362a7ddcf123da94fd5a71bff50d2bbb4ba
scenes/kitchen_background_stove/visual/kitchen_background_stove_vis.msh	6212608	0efe7517df5bb76730dd0b951dcf40644e7c494005a89421229b422217998702	lfs-sha256	0efe7517df5bb76730dd0b951dcf40644e7c494005a89421229b422217998702
scenes/libero_coffee_table_base_style.xml	5888	7fe7417a4eb449670d0b7a2cf3f770435b0e476e1aaf0dd34c91d4845805ffd7	git-blob-sha1	ce8e0d8af33d44fcb0c852df1adede7f6ed1208f
scenes/libero_coffee_table_blue_style.xml	4855	9cff2ac1b9cfe30134223361487999a32aab5c3026c97e5a1892e3b6b6df9809	git-blob-sha1	e2061c87feaab8676f6d2eb0c3c01c863df2a424
scenes/libero_coffee_table_warm_style.xml	5410	65b43df25770d396594c531e2ee1368c436a9886f4c93c621e0d9d10032873a3	git-blob-sha1	f417be70dfc09d170f996083fc119db2932936f4
scenes/libero_floor_base_style.xml	4216	df092a7d8ac7a5c4d1ce48e9a6dacf2f7ebaa362580e20de46d9644f3d5d1039	git-blob-sha1	77d2b3d8f8784b6d1c73de74c19f8fceeb3e5010
scenes/libero_floor_blue_style.xml	3890	c8568aaba852cb1c1baee619f9bd990ce5c36990491bd26ce3b5015c129511a5	git-blob-sha1	43c6de79babf65eb37eea27037792df00f641ea1
scenes/libero_floor_coffee_style.xml	4122	127ec02b0a0d40181094a9474ff8f4c4f71f25cc92675e2774a26ebbd14de36a	git-blob-sha1	c51d3aafb5a3f414a9aac78341f1fe377d69dee1
scenes/libero_floor_warm_style.xml	3910	546cefa5d9ec0b368261214747b4e9372fab4b6b6fef26774034d48651cee0cd	git-blob-sha1	7ba0c0aab6658e4e1d6238c7e3c845b88367857d
scenes/libero_kitchen_tabletop_base_style.xml	7214	f867e7cb59e8ef27aea10edb7c341eca5d3230da8c354aff2a072cc557fd2977	git-blob-sha1	2906c2935d0f74a7d243a5c10a53bffb2e849341
scenes/libero_living_room_tabletop_base_style.xml	6745	e22de70abac444dc7602546c46931580a3f06753ce941d0921f4f145e8eec70c	git-blob-sha1	76ad901e30ee01cfe1d962b8838f633afa68ff75
scenes/libero_study_base_style.xml	9420	dbc88d0ada642f99762ddd25b778981721fd1c010ad9c0cd114dade7c5b8f909	git-blob-sha1	ed7d598c8925ac11b7a71ef754bfaa94c29cc3cd
scenes/libero_tabletop_base_style.xml	4857	bb118118e3e02a0f23295c072d77c5a7c6b44cc773032dc79c17070b4e133f86	git-blob-sha1	7aaf3b8b910d012fd1f7220139b4f9bc6ef0ae4b
scenes/libero_tabletop_blue_style.xml	4924	4a1421361fa661f33e864bf77036b6dff65cd27eba8a64d2319b6fb18e46541a	git-blob-sha1	663bf66b090adfb58f55b69a76f29da267905388
scenes/libero_tabletop_warm_style.xml	4655	4ff0e2e91f884c42c0f956c1ff7f6687a502c100a8e4e71b10a3cc32b69352ec	git-blob-sha1	c6525587540e6976ef53c61617757b50d78fc984
scenes/living_room/collision/living_room_ch.stl	29784	76fb1072aa0c59348b226e7918b792befc81481749e73f254d5dc9a627d2206a	git-blob-sha1	6f028539b5dd7c4775d6a9f4fedfaaaca1fe2b3d
scenes/living_room/living_room.mtl	1557	4efddafb9136f32e0a6c2d5dde7c041233c81eba28e4c93d417d178c1a2935ed	git-blob-sha1	9aacb5cad197eba967d1985c35fd2083c2c9cf99
scenes/living_room/living_room.obj	4207621	0a70956c57f794e8b777342b30d82d4cbea4effa33c0d3fe56dd8c81c45262ee	git-blob-sha1	6c28ca37563cda57cba906c45b9b0f3b55706d2e
scenes/living_room/living_room.xml	1108	b5ee3ca16c2c57fefb4118c8470367f2856479a50b88e2cc4aaefa090c8d6558	git-blob-sha1	9be2899091f5d7ccf2f149ce011e1220f6ceb051
scenes/living_room/living_room_wall_unit.png	65012	7e6f264015ca84d29a2850a7854517d0017ed53902ae3d851ae76441f5644730	lfs-sha256	7e6f264015ca84d29a2850a7854517d0017ed53902ae3d851ae76441f5644730
scenes/living_room/visual/living_room_vis.msh	6514576	326c50b18dfce7d338473ab8d99edce64c752cfef0203495faa2471dcafd4f8b	lfs-sha256	326c50b18dfce7d338473ab8d99edce64c752cfef0203495faa2471dcafd4f8b
scenes/living_room_table/collision/living_room_table_ch.stl	232084	deae447cb884f4d692e934a62a3b8ec7a30cf6746f7cd5cbb6a943d57a16dbd2	lfs-sha256	deae447cb884f4d692e934a62a3b8ec7a30cf6746f7cd5cbb6a943d57a16dbd2
scenes/living_room_table/living_room_table.mtl	312	c09113aa7cc34606d5527ff2434522654d466ae9430db97cf1394ce5b0e2ed93	git-blob-sha1	5061e4edea0745f88e13e5b063022b2d229daa29
scenes/living_room_table/living_room_table.obj	1079843	b4b51693da6e25bb57673593b02a79f5716b3db3603a1d8448893f65ba499fbe	git-blob-sha1	bb71e32031f04fd33e987557abbaa1308500a76b
scenes/living_room_table/living_room_table.xml	2331	ea29b7ed138bd120d36a407c46bf7175ce551da94adf89852ec139813c4a892e	git-blob-sha1	f9ce4654248ffdc12345ad4e475b62d7a554422c
scenes/living_room_table/living_room_table_col.obj	5609	345910a269da99c11d8dd31f9fddb5aa550ca2eed94052d427e6487aa57453b2	git-blob-sha1	dd1c6addf1c217289b0171ae85ebe966cdb75c98
scenes/living_room_table/living_room_table_texture.png	1331834	38f401fdbbdeae06bf4c674f2488ab4bda8b89519a1d58976c7265b1f7c8c1e7	lfs-sha256	38f401fdbbdeae06bf4c674f2488ab4bda8b89519a1d58976c7265b1f7c8c1e7
scenes/living_room_table/visual/living_room_table_vis.msh	1699504	9877f90c22971b98840ca6f8611fec6e0a8bec85f0e5f0a78e9e08bb57a8e2ec	lfs-sha256	9877f90c22971b98840ca6f8611fec6e0a8bec85f0e5f0a78e9e08bb57a8e2ec
scenes/office_book_shelf/ceramic.png	1442030	beef464a2aa9143ba6a25a44adcbfd1f1aff16c5969edbf08019b61025388402	lfs-sha256	beef464a2aa9143ba6a25a44adcbfd1f1aff16c5969edbf08019b61025388402
scenes/office_book_shelf/collision/office_book_shelf_ch.stl	1084	2e72ff7ca450fc64b8132b7ce882066fc433dd25376adc2efade58a8da8eab85	git-blob-sha1	b526e87364574c1ff408eacadb6643fa7b1ba4b9
scenes/office_book_shelf/office_book_shelf.mtl	263	5ffafaefcd4708ae85cbe22f01c79e30c372c75c5f82aa3f399e9d4c1e986875	git-blob-sha1	39c762b703ed703876258387b5be5e2954f32d21
scenes/office_book_shelf/office_book_shelf.obj	20800	4abe774a4326ca5182f215aeb218dcde57669e427703d49d7f30db440c0e846b	git-blob-sha1	974c62840a5920895e5ad5bf48948b2e010367c0
scenes/office_book_shelf/office_book_shelf.xml	1160	9384d6dcef48737224697b7eebc7d7f9fac383185afe1fa17264311c974d87a0	git-blob-sha1	e30526d0c089dd1d6b0310bc345cc7537944dcf2
scenes/office_book_shelf/visual/office_book_shelf_vis.msh	45160	6386615fc43e41bd8df6544cdf95acf18fc0becf6e36266bfb5c66b7410472a5	git-blob-sha1	54f6fc1af56ee2fc31fdf9f48a873c55d56cae8e
scenes/plant/collision/plant_ch.stl	11584	89d8e7c2dc9f4810250b1cbc27a85d4fbda48d01d0fb8c413c39c0cd99632954	git-blob-sha1	460157590ad0161db5bf4b1a69555f037624d2c9
scenes/plant/plant.mtl	240	7c7885de4b335d8415c87d5b90275eb5dc3576da8679827cc248951fb43cc3b5	git-blob-sha1	63ba9f699457c837b40edd0c46c478c68c822954
scenes/plant/plant.obj	574967	b2d1399a5fea865d719711ea036812f3ffa8fa21bd6e1eb6784aa6950c2191b9	git-blob-sha1	d708c9d383a3f445ff97c5d1e46fd607713ad4ea
scenes/plant/plant.xml	1034	d53aa60b8544e01fb39da706d93af5abebd1b035d7522641b79c02e502bd13e6	git-blob-sha1	7f6294cb0fc39de61985e1c8c4117d1e47f453c1
scenes/plant/plant_texture.png	1583401	216886be0ecd4a765b5f00fe664dd27f25d7af19caef1c2012c4cca429d66349	lfs-sha256	216886be0ecd4a765b5f00fe664dd27f25d7af19caef1c2012c4cca429d66349
scenes/plant/visual/plant_vis.msh	732472	648fed3592f88784f1dfde93387ca744b1b428ffed5d6a3a7317108b3cae45c5	lfs-sha256	648fed3592f88784f1dfde93387ca744b1b428ffed5d6a3a7317108b3cae45c5
scenes/short_coffee_table/Marble062_COL_4K.png	9625750	6cc288b8006e1931f1904ae50741539e4c44c1ed67686822386c96aad013864c	lfs-sha256	6cc288b8006e1931f1904ae50741539e4c44c1ed67686822386c96aad013864c
scenes/short_coffee_table/collision/short_coffee_table_ch.stl	15084	95af4b4fd392d9baa4ebdc068bf8492b6d8690acaf3525869e03e7aae0ef1cec	git-blob-sha1	8dcd441f1d9b24c311f9411e956d818c9229d3ba
scenes/short_coffee_table/short_coffee_table.mtl	285	6e3feed0aa8d87394f329240cacc125ec3d580fd4fe3d57459712c4074a78f14	git-blob-sha1	aac578ee904a4cbc0ce85cd7227c6b70b6e05d99
scenes/short_coffee_table/short_coffee_table.obj	58190	dbfd6d4262300a810d0318290d47b4171f885a7626b95f8e1e4fe2d8dc438a8d	git-blob-sha1	3bcff59da77e7ca041a2f4b9764bf599290d092d
scenes/short_coffee_table/short_coffee_table.xml	1180	0789382cbd8c0964990161ecdc3763676397058e140e9021839ed2d0c5afc8bf	git-blob-sha1	6d901eaed33690456c4328987e1601913edea9d6
scenes/short_coffee_table/visual/short_coffee_table_vis.msh	73888	e7f47b07696dce2187e9517ee02d62e02095ac80b7dfdf232861e41c8e3d1d05	git-blob-sha1	f6ba2703e12ed852939837ce484fc216d10ba106
scenes/study_background/collision/study_background_ch.stl	5584	f1a1627ff3d55278d614cd9274470bc7588c587d8413c1db16990928883053dd	git-blob-sha1	b900d0d9f397b6567f4084993e26117bfc6ce382
scenes/study_background/study_background.mtl	242	6970c2753063d9f48354499174adcc34b96b209a12e114ca9f0ac5c3f348a1c1	git-blob-sha1	7d8f046f25b6d66e80c2b965b67e4e6df8ab1f4e
scenes/study_background/study_background.obj	602332	69d7501354daf5e1a947e66cae538be10b65424eda45df9e267375b3ae7ab078	git-blob-sha1	79495e958f309b8566609d75da5b87f327e13578
scenes/study_background/study_background.png	1184577	7a8ed45bfbe8aebc689cc72a1c3fba0bfd6f0847ba8a830bb1c0eac595e19252	lfs-sha256	7a8ed45bfbe8aebc689cc72a1c3fba0bfd6f0847ba8a830bb1c0eac595e19252
scenes/study_background/study_background.xml	1158	84e751686a7bb6d1a69602b44aa1817f075ef0e2518af34e1fc1bc497dd11414	git-blob-sha1	c0156a0fb469de8eca24c72545e72ed66fb5895c
scenes/study_background/visual/study_background_vis.msh	777616	15f667adb66f79ad7c6fe472a51d27b33d8a2f5a9457c91488aca26e02424811	lfs-sha256	15f667adb66f79ad7c6fe472a51d27b33d8a2f5a9457c91488aca26e02424811
scenes/study_wall_painting/collision/study_wall_painting_ch.stl	1984	d57d02c12b00e43d39e3e7e13437f5a341542f1930a3cd8b82293c4f55a85670	git-blob-sha1	4dd0368c2091e1ebb7f8fb64a18e41aed6cd98b2
scenes/study_wall_painting/study_wall_painting.mtl	272	32be6cc8db04754eabdcc60c53757ce3e90ec47737dff8f15f58962293b49aa4	git-blob-sha1	7fe700a636ba7978409e18260c4202e1cd212467
scenes/study_wall_painting/study_wall_painting.obj	47958	43f8609112979f744209c49089218e5df6effbd8c93ac5a1f0518a4ba87a2bfa	git-blob-sha1	d6bf29195d3e5d519a8d831cd43c7716560551d4
scenes/study_wall_painting/study_wall_painting.png	432815	fa1bf8b6658d03b9b20ff6ea0276fed8b68d50894579d43caca2a94fd246063a	lfs-sha256	fa1bf8b6658d03b9b20ff6ea0276fed8b68d50894579d43caca2a94fd246063a
scenes/study_wall_painting/study_wall_painting.xml	1194	54befd605ead9fa01ea29cac461c121bc95feba2d2b92d8b0b7617cd9d80d0a5	git-blob-sha1	76e72ab1ee74f427864402a63f1f9a191b3b7c7b
scenes/study_wall_painting/visual/study_wall_painting_vis.msh	98080	ba42ab1796e320228178614b43b837531620c91503ba12b3b4b59f062e431821	git-blob-sha1	280e336a61f5c4d4a438a19832a79d46832fe5f6
scenes/wall_decoration/visual/wall_decoration_vis.msh	1312	30c873f6e13e19a721672219d0b964a3de9ddacc6b44906888c9bf366254e1bb	git-blob-sha1	4f4fcdc55997a371eb2e44aea1687f7d29431768
scenes/wall_decoration/wall_decoration.mtl	254	784f16ffe5e144a3242e87a2ff029133e0f734b821a2d93d254c65bf7a10e754	git-blob-sha1	4b1ac92539293c8db1fdc2086e61ee5b62735fd5
scenes/wall_decoration/wall_decoration.obj	1117	ad6e1499c17eabae6605e4b79d4ce2238c2e2d2130dd0e0415b06dc8fb890827	git-blob-sha1	69b43a86137f9a817318c063f424aa0af88970d1
scenes/wall_decoration/wall_decoration_texture.jpg	1924813	fd6d3721066054b772ebe4829cfcbec9816690df89f83349dd262029a3ecb457	lfs-sha256	fd6d3721066054b772ebe4829cfcbec9816690df89f83349dd262029a3ecb457
scenes/wall_decoration/wall_decoration_texture.png	4492846	b30b2b6f7499d05a4c502e3699027e14e9646023f4035b14b56f1fb55703bc3e	lfs-sha256	b30b2b6f7499d05a4c502e3699027e14e9646023f4035b14b56f1fb55703bc3e
serving_region.xml	616	d0dd1d7611b9c535883a8bee9bc475a85014d2d235f9c894ef57f13c6bd64335	git-blob-sha1	0adaca1fc7bc81f2f90a018f17eb34c363bbfbdb
stable_hope_objects/alphabet_soup/alphabet_soup.xml	5812	09a230f3cc5cbb437190adb9d2212ad20edfb5904bda8094a5db7acb2595afc3	git-blob-sha1	593a673e90eb2f8ad803da0638d86f9cda8dea81
stable_hope_objects/alphabet_soup/alphabet_soup_col.obj	20622	ae613fdf139d501fea93e72165be074fbd513631b2e06832ce812e022d35eecd	git-blob-sha1	f71bbcc0c18379af550456b8668da8d01f31b289
stable_hope_objects/alphabet_soup/texture_map.png	1138366	cd47556b3b2916ae138e8fd370d4f5192a2fe100369eec254c3c173409f48674	lfs-sha256	cd47556b3b2916ae138e8fd370d4f5192a2fe100369eec254c3c173409f48674
stable_hope_objects/alphabet_soup/textured.mtl	48	ff20af8773aad284ea9020ef6271bb26b256d2e0c0cc830112cff8ccc16bcd29	git-blob-sha1	2eceea945c97d9c7280736d82ba39e0e8795afc0
stable_hope_objects/alphabet_soup/textured.obj	2360661	9f83394a8b6d243b2133be244b3de83e9318401e53a5768063031795bc6919a0	git-blob-sha1	c5a2cc4ceb72fc1fc210d8c33af5e80576c8cff3
stable_hope_objects/alphabet_soup/visual/textured_vis.msh	1496788	a9f36a95f4ad97cb141f134251114d46cc4f3950229d76ac815e751cc0cf121e	lfs-sha256	a9f36a95f4ad97cb141f134251114d46cc4f3950229d76ac815e751cc0cf121e
stable_hope_objects/bbq_sauce/bbq_sauce.mtl	259	0adacd422e1e18e861e049ba83d67129eb0286e0fd2704f294f0a49c814de99d	git-blob-sha1	0cd3e2ea3a02028319adb1ed86c73cdfc7d3a797
stable_hope_objects/bbq_sauce/bbq_sauce.obj	1750112	69030e437ba6d8970e925f1b5344b80d2a67511658c2625dfbeb508f53e34417	git-blob-sha1	5299d871cfbf66ea5747e877639eb5c6d56cac1e
stable_hope_objects/bbq_sauce/bbq_sauce.xml	1680	2ec3d7d89ce3dbbe600dd5714a568efcd326104a8f786fdf0a6d1def19ae56e0	git-blob-sha1	c6ae2264626ba8040b9d97bf7f5b883d6455d2ff
stable_hope_objects/bbq_sauce/hope_bbq_coll.obj	9280	b353dbf332fafeefa55d09cb432e43d9f3a1e822da817949ca35c6fa34d118bd	git-blob-sha1	d3f2bdcf35e316a4e38bfe5a52a0ffdbbae0b1a5
stable_hope_objects/bbq_sauce/texture_map.png	2089204	be21c2549bc0da64ec29665e3d064fcdb1d42a9f93f89eb38eecc4b08b4a3d39	lfs-sha256	be21c2549bc0da64ec29665e3d064fcdb1d42a9f93f89eb38eecc4b08b4a3d39
stable_hope_objects/bbq_sauce/visual/bbq_sauce_vis.msh	1737736	8c2c8c6238e5b78c50fa7986a6de52f3c437a0e85cc1048760ed1f5fa868480c	lfs-sha256	8c2c8c6238e5b78c50fa7986a6de52f3c437a0e85cc1048760ed1f5fa868480c
stable_hope_objects/butter/butter.mtl	48	ff20af8773aad284ea9020ef6271bb26b256d2e0c0cc830112cff8ccc16bcd29	git-blob-sha1	2eceea945c97d9c7280736d82ba39e0e8795afc0
stable_hope_objects/butter/butter.obj	2446598	4d32a23384f059ee79cc6c9d4d18d2d12c171c13bd89aaa4829a332123a1bd4a	git-blob-sha1	8369feb7476327a7712b5a4e58b35cf78ec1749f
stable_hope_objects/butter/butter.xml	1053	2d0d3ffd627243007e8bd8106140f9b5abbf6115a30a59c21405e8c26ffb8aa9	git-blob-sha1	9f76e04a0c2edc56e9007337cb9cdb037052adb0
stable_hope_objects/butter/hope_butter_coll.obj	956	94387d912d7336b192dd553d426652d1ab7b5a49c3f326d7a2e2e785ae45efaa	git-blob-sha1	8f3ca875964e652b01b2874c75efcae4a782432b
stable_hope_objects/butter/texture_map.png	3158511	e344d473644d71b919484f6b93d52707ea4821fe05c14514d7cd6cc24f2486c2	lfs-sha256	e344d473644d71b919484f6b93d52707ea4821fe05c14514d7cd6cc24f2486c2
stable_hope_objects/butter/visual/butter_vis.msh	1554676	88b3916e53c813c7e06c856d7e0563e636c07247d95982c2cd05abc0ebd0cc68	lfs-sha256	88b3916e53c813c7e06c856d7e0563e636c07247d95982c2cd05abc0ebd0cc68
stable_hope_objects/chocolate_pudding/chocolate_pudding.xml	1065	f2ec3318aeed8feb6b16d234149ce52127050e81c65f7d43aaa6384cdd26ecf2	git-blob-sha1	98be28d190e139671214a1a8f0ea4a1ac50eb817
stable_hope_objects/chocolate_pudding/chocolate_pudding_col.obj	984	4d68961c5cd27fcf7a2f258d3c8e602189ebb5464ff6eb133993aaac30aa9b0b	git-blob-sha1	241972b17f2c963211c777e9e67228179f32ce53
stable_hope_objects/chocolate_pudding/texture_map.png	3334239	4d2db3872437523fd5fc5611728c154d475d05642c0d2a64ce60065e3c6ffc48	lfs-sha256	4d2db3872437523fd5fc5611728c154d475d05642c0d2a64ce60065e3c6ffc48
stable_hope_objects/chocolate_pudding/textured.mtl	48	ff20af8773aad284ea9020ef6271bb26b256d2e0c0cc830112cff8ccc16bcd29	git-blob-sha1	2eceea945c97d9c7280736d82ba39e0e8795afc0
stable_hope_objects/chocolate_pudding/textured.obj	3069329	08ea9b9106f9595db3b8544f0c1c4b55e3b62303191f2cf8a75aa677abc8b237	git-blob-sha1	b74e95dba576d3fe69558f3acc5bbb32a87ce23a
stable_hope_objects/chocolate_pudding/visual/textured_vis.msh	1949848	34c7f14b29daa9f99daafe962866e0b4ea59d38863d04e3da1d4a7ed4e6244fd	lfs-sha256	34c7f14b29daa9f99daafe962866e0b4ea59d38863d04e3da1d4a7ed4e6244fd
stable_hope_objects/cookies/cookies.mtl	48	ff20af8773aad284ea9020ef6271bb26b256d2e0c0cc830112cff8ccc16bcd29	git-blob-sha1	2eceea945c97d9c7280736d82ba39e0e8795afc0
stable_hope_objects/cookies/cookies.xml	1063	f79f4e6274a286b10ea8f8799690c56c7ddbb2ca2c63703c06c92febb966bf70	git-blob-sha1	7c16b7430f3a38572ba776a88fea3954cd5c4704
stable_hope_objects/cookies/texture_map.png	3248302	e1c4be04c8a9d60ba33ef100354c451a4b02f1bdc2fc7607708b2ff4ff82d783	lfs-sha256	e1c4be04c8a9d60ba33ef100354c451a4b02f1bdc2fc7607708b2ff4ff82d783
stable_hope_objects/cookies/visual/cookies_vis.msh	1928248	bd2f87872eb6ac780525ec5bd710d690d520f7d6725b10625f8ee403115308df	lfs-sha256	bd2f87872eb6ac780525ec5bd710d690d520f7d6725b10625f8ee403115308df
stable_hope_objects/cream_cheese/cream_cheese.mtl	259	0adacd422e1e18e861e049ba83d67129eb0286e0fd2704f294f0a49c814de99d	git-blob-sha1	0cd3e2ea3a02028319adb1ed86c73cdfc7d3a797
stable_hope_objects/cream_cheese/cream_cheese.obj	1593380	79ca603fd960a95643cf7532b702343c1b389af5cd86b84dfeb931a2cc23a4b3	git-blob-sha1	4f89ca756f19490c60f222876b6c21be24575551
stable_hope_objects/cream_cheese/cream_cheese.xml	1550	a1bbeb0321d9d20d723aca62baa54f6012bf74c0af5d4f767a58ca0cdde50d95	git-blob-sha1	d3551a445c8dc59e19f8adb1705872a998507af9
stable_hope_objects/cream_cheese/hope_cream_cheese_coll.obj	962	e007e436589d03b923096b3b99cd478c27b935b047e755e2b0b65b64a36de658	git-blob-sha1	df11a65a6c2e3851b02955f47d92c8c9a0902117
stable_hope_objects/cream_cheese/texture_map.png	3071899	6ef390c92c83f6f27da79df09130e48bda6785f98181942d2ec2548ab2afa814	lfs-sha256	6ef390c92c83f6f27da79df09130e48bda6785f98181942d2ec2548ab2afa814
stable_hope_objects/cream_cheese/visual/cream_cheese_vis.msh	1753612	0110fcd0351384174e70956ae83c4b30a677bc5673aa8107213b73334efbdf3b	lfs-sha256	0110fcd0351384174e70956ae83c4b30a677bc5673aa8107213b73334efbdf3b
stable_hope_objects/ketchup/ketchup.xml	3656	9007c9658863067a55dcea588d2000c9779e9edb1ba9d816312a840cb190064b	git-blob-sha1	c13384e80b8730b0b700c8db413b4b3b22df70fb
stable_hope_objects/ketchup/ketchup_col.obj	11493	86e54655e3617005328df46bd201c0c7dcd213b482e48474a74624307d20b3a8	git-blob-sha1	3d15e149aa76d24add9535c07e3c973c5992a120
stable_hope_objects/ketchup/texture_map.png	1898296	01edda2f924589b0a23aac084c1270a4a39afde79131a1bec73f7a23ad592bfe	lfs-sha256	01edda2f924589b0a23aac084c1270a4a39afde79131a1bec73f7a23ad592bfe
stable_hope_objects/ketchup/textured.mtl	48	ff20af8773aad284ea9020ef6271bb26b256d2e0c0cc830112cff8ccc16bcd29	git-blob-sha1	2eceea945c97d9c7280736d82ba39e0e8795afc0
stable_hope_objects/ketchup/textured.obj	2628402	dd07788b2fc0ece118cd97d544cea0fa6e87f56440f69d9bc13b876143490414	git-blob-sha1	318e805f79f9da0dd6165c820a1bf90eef8752f1
stable_hope_objects/ketchup/visual/textured_vis.msh	1677796	52a6903d11261ef819b707241f058de28dced28746f9bbb142649a18f1d48321	lfs-sha256	52a6903d11261ef819b707241f058de28dced28746f9bbb142649a18f1d48321
stable_hope_objects/macaroni_and_cheese/macaroni_and_cheese.xml	1070	53d12d072c167ffc26a072bca10f89ab5ca7c6b05b1038dc41d5428122e72440	git-blob-sha1	cc8762a0275dbe9226bf069e9dc56751fed55a8f
stable_hope_objects/macaroni_and_cheese/macaroni_and_cheese_col.obj	991	6c7382ceeda8b0b9707e27bfd05523fb4aafed4e14a73780fb12c2bc370d395c	git-blob-sha1	0deb0e619182f017bfde2b5ee9c0d21b8696f951
stable_hope_objects/macaroni_and_cheese/texture_map.png	3069741	e3328a2d757dfeb93383340f8cee37de3d1caffebabae53f909345dd94b66b29	lfs-sha256	e3328a2d757dfeb93383340f8cee37de3d1caffebabae53f909345dd94b66b29
stable_hope_objects/macaroni_and_cheese/textured.mtl	48	ff20af8773aad284ea9020ef6271bb26b256d2e0c0cc830112cff8ccc16bcd29	git-blob-sha1	2eceea945c97d9c7280736d82ba39e0e8795afc0
stable_hope_objects/macaroni_and_cheese/textured.obj	3433961	e6465b0611c7fb364c3bc83a961ae35c928e73e64ae1f27f0fb88b87b5e99e74	git-blob-sha1	7b72a119249be249a5c1984b9500ede0b079ef4a
stable_hope_objects/macaroni_and_cheese/visual/textured_vis.msh	2179240	9c40762b4af7ec0a14789da2757a0452756c35f1bfa7e3ab7cc280312d06a6c8	lfs-sha256	9c40762b4af7ec0a14789da2757a0452756c35f1bfa7e3ab7cc280312d06a6c8
stable_hope_objects/milk/collision/textured_ch.stl	64684	c4f52904f4253929fc90760326ac8a9a9ac9f849c361089a877de3150425440f	git-blob-sha1	66e624dc65bd5b57b1f60d8df0973804245bc51d
stable_hope_objects/milk/milk.xml	1778	41febcc4121fae47a42f2e667a6b18f722b3feb863241b4533613672c36ad160	git-blob-sha1	ce0c0b57d5706cf3332ef30b9fb9805bbd679a9f
stable_hope_objects/milk/milk_col.obj	3791	5afd82f27eca51b080b822f6d2096022428d78b2f3f6c844b58efc75981b0787	git-blob-sha1	8ec2a35fef2e92ffa4c6e5a3e6d7718770334c2e
stable_hope_objects/milk/texture_map.png	3384036	0e6130ec7a6a611a2574bba4f3d77bfaecd8ff6ed0fd449e34fe8479f4585ec3	lfs-sha256	0e6130ec7a6a611a2574bba4f3d77bfaecd8ff6ed0fd449e34fe8479f4585ec3
stable_hope_objects/milk/textured.mtl	48	ff20af8773aad284ea9020ef6271bb26b256d2e0c0cc830112cff8ccc16bcd29	git-blob-sha1	2eceea945c97d9c7280736d82ba39e0e8795afc0
stable_hope_objects/milk/textured.obj	2485070	caff7624f6aa1183166344350f3491587c53ed42ca7a57058b6e52796cf42e1f	git-blob-sha1	4b7c8bfb0b243b9ef27a68904dd20a2ae100f423
stable_hope_objects/milk/visual/textured_vis.msh	1578328	540a0eedb3d483e96dda195f06ce531f9991c9f07fece482f569131ab69a8036	lfs-sha256	540a0eedb3d483e96dda195f06ce531f9991c9f07fece482f569131ab69a8036
stable_hope_objects/new_salad_dressing/new_salad_dressing.xml	4441	daa4f363607329fcc4d4c0edccce9f9584db074d00eef2f14291803b0accfeb3	git-blob-sha1	313c856ee7109a3aa94f80bafc0fc5d8512ca6f7
stable_hope_objects/new_salad_dressing/salad_dressing_col.obj	14516	cf5f273e8b809cd41cc5ba36f47c4bfadf5199e600c621af182ae422293414e0	git-blob-sha1	75f8da68387d1f457d7b89c8b2d39c6965a8dcdc
stable_hope_objects/new_salad_dressing/texture_map.png	2721594	17ac6d99eebf065eaa2243ebc578da65e7d5f112bbff75f083e451578efaae22	lfs-sha256	17ac6d99eebf065eaa2243ebc578da65e7d5f112bbff75f083e451578efaae22
stable_hope_objects/new_salad_dressing/textured.mtl	48	ff20af8773aad284ea9020ef6271bb26b256d2e0c0cc830112cff8ccc16bcd29	git-blob-sha1	2eceea945c97d9c7280736d82ba39e0e8795afc0
stable_hope_objects/new_salad_dressing/textured.obj	3329104	0045f55b86068e26888bcff4ea8a0eaebe2f3ec791349cae0d593066d68b9ba7	git-blob-sha1	cacd80147a08e47bdad3c0d2757e28b8be3787fa
stable_hope_objects/new_salad_dressing/visual/textured_vis.msh	2117896	11e210c93786626e66c832f1d5a0178eddf88e79775cc8e59cc060b52fc0abab	lfs-sha256	11e210c93786626e66c832f1d5a0178eddf88e79775cc8e59cc060b52fc0abab
stable_hope_objects/orange_juice/collision/textured_ch.stl	64684	c4f52904f4253929fc90760326ac8a9a9ac9f849c361089a877de3150425440f	git-blob-sha1	66e624dc65bd5b57b1f60d8df0973804245bc51d
stable_hope_objects/orange_juice/orange_juice.xml	1786	c0c9ac0596d8978fe3aceec05dde0fab3e9f5eda4fedbda6ceb5d5276806618e	git-blob-sha1	04f99926f1e303fd851a52edf561d5129a08114e
stable_hope_objects/orange_juice/orange_juice_col.obj	3801	c1a4fecaaf96baafc0e9c385e602971306e9debb5fad7f9596d917f2826dea92	git-blob-sha1	114ffa9053435694d8f420847f0d70e3d2c15a57
stable_hope_objects/orange_juice/texture_map.png	3637784	2488e5d72c7848db195be1d5a08d45a00b04122fff7ddcc107014d177d6d08c9	lfs-sha256	2488e5d72c7848db195be1d5a08d45a00b04122fff7ddcc107014d177d6d08c9
stable_hope_objects/orange_juice/textured.mtl	48	ff20af8773aad284ea9020ef6271bb26b256d2e0c0cc830112cff8ccc16bcd29	git-blob-sha1	2eceea945c97d9c7280736d82ba39e0e8795afc0
stable_hope_objects/orange_juice/textured.obj	3398580	8f2296913bd1a82160fa1291ddb72f4eeb3703437513481c8b840d1933c460f1	git-blob-sha1	52ceb873ff899f9d508e94a35f9b789b1713474d
stable_hope_objects/orange_juice/visual/textured_vis.msh	2152672	9ebfebfe88f469abd9015bea348f242ee36a93829f75975535dcb44a5c3d876d	lfs-sha256	9ebfebfe88f469abd9015bea348f242ee36a93829f75975535dcb44a5c3d876d
stable_hope_objects/popcorn/popcorn.mtl	48	ff20af8773aad284ea9020ef6271bb26b256d2e0c0cc830112cff8ccc16bcd29	git-blob-sha1	2eceea945c97d9c7280736d82ba39e0e8795afc0
stable_hope_objects/popcorn/popcorn.obj	3055007	8e20b0da3bacf999ef1aac8ad9f6f1358496e1ea5f1f2bf343a555444cb3af73	git-blob-sha1	3b66a8df3840a3f743cb54889a7bab8b61c44bbb
stable_hope_objects/popcorn/popcorn.xml	1077	79b3a7f8d48b6ce592228789b934bf37fffb5991412b66d376f0aff8b0f57f43	git-blob-sha1	913c9a6676bec52926447e5114a47748329f23e7
stable_hope_objects/popcorn/popcorn_coll.obj	965	5d08f1e13a8b546e9652ff3ed65016c283c038f24e57ad4cab094e225a982400	git-blob-sha1	1563cd2f26293dd1c4bbc805998e5af59f6a1f9d
stable_hope_objects/popcorn/texture_map.png	3231298	4d2469127fcf474e20cb66d803e95f1df0cd2183cdb88815f863562f00ad8078	lfs-sha256	4d2469127fcf474e20cb66d803e95f1df0cd2183cdb88815f863562f00ad8078
stable_hope_objects/popcorn/visual/popcorn_vis.msh	1942072	06ad7d7cec8ae493650438eecb66193e891ce36532516bf645ba7d5dd5944b2c	lfs-sha256	06ad7d7cec8ae493650438eecb66193e891ce36532516bf645ba7d5dd5944b2c
stable_hope_objects/salad_dressing/salad_dressing.xml	4379	dfc46d9f59fce1f814a80d1bd476d93216e8b16489e1761e8f5506e5f30980c8	git-blob-sha1	3ffc9e25782d4e6898951e0801b509a05bc48563
stable_hope_objects/salad_dressing/salad_dressing_col.obj	14516	cf5f273e8b809cd41cc5ba36f47c4bfadf5199e600c621af182ae422293414e0	git-blob-sha1	75f8da68387d1f457d7b89c8b2d39c6965a8dcdc
stable_hope_objects/salad_dressing/texture_map.png	2721594	17ac6d99eebf065eaa2243ebc578da65e7d5f112bbff75f083e451578efaae22	lfs-sha256	17ac6d99eebf065eaa2243ebc578da65e7d5f112bbff75f083e451578efaae22
stable_hope_objects/salad_dressing/textured.mtl	48	ff20af8773aad284ea9020ef6271bb26b256d2e0c0cc830112cff8ccc16bcd29	git-blob-sha1	2eceea945c97d9c7280736d82ba39e0e8795afc0
stable_hope_objects/salad_dressing/textured.obj	3329104	0045f55b86068e26888bcff4ea8a0eaebe2f3ec791349cae0d593066d68b9ba7	git-blob-sha1	cacd80147a08e47bdad3c0d2757e28b8be3787fa
stable_hope_objects/salad_dressing/visual/textured_vis.msh	2117896	11e210c93786626e66c832f1d5a0178eddf88e79775cc8e59cc060b52fc0abab	lfs-sha256	11e210c93786626e66c832f1d5a0178eddf88e79775cc8e59cc060b52fc0abab
stable_hope_objects/tomato_sauce/texture_map.png	2451651	9372cff38688004b69e7a1fc60ffa2576d6cf31a884de279d0d67bdd4a35c631	lfs-sha256	9372cff38688004b69e7a1fc60ffa2576d6cf31a884de279d0d67bdd4a35c631
stable_hope_objects/tomato_sauce/textured.mtl	50	05f5f754df97f52f7a7f2055229ee9a9a9172ddcedf720cf86e17fd84cc29e63	git-blob-sha1	a52277e71a2397d472cf92ab69db6d9e7cf189cf
stable_hope_objects/tomato_sauce/textured.obj	4935386	b75cd4063af13da2c3c95f4ed6cc2fbdc00f51730b49b704feb6f1ef362204bf	git-blob-sha1	b74ffc2569f6121ac9eead602e361733b35352b8
stable_hope_objects/tomato_sauce/tomato_sauce.xml	6520	b13d88bc065d04481150832581812bd0cbc9e4c0efcabccda2dc8d58654ee32b	git-blob-sha1	99269ce28d8a19f21067122ecdecdab6d6add2ad
stable_hope_objects/tomato_sauce/tomato_sauce_col.obj	23679	fb46ade7d53f2c825dbcb686cd376bb8c6e996e5264de0113933d04c810eed2c	git-blob-sha1	daeb6194b4b1d363abb21dbc544228f0b0b4dbde
stable_hope_objects/tomato_sauce/visual/textured_vis.msh	3087520	eeb9ee401b204db5ca5b98cf8d52274695b5562ee31f0affaca58a25a07cc2e4	lfs-sha256	eeb9ee401b204db5ca5b98cf8d52274695b5562ee31f0affaca58a25a07cc2e4
stable_scanned_objects/akita_black_bowl/akita_black_bowl.mtl	244	00c6007476fbec0bf87390e24ab9e029369a5d8a3dfa8caf4fa1c8b17aa66367	git-blob-sha1	b66fa78b69d06d16e2d27c6a76b72680cd7262e3
stable_scanned_objects/akita_black_bowl/akita_black_bowl.obj	4232879	026d7a302a831a595cf011580ff8fbe6f4c0234c478af96d6f42344822bc18a5	git-blob-sha1	8af9a0720117cbfd791c718862207dcb4485957d
stable_scanned_objects/akita_black_bowl/akita_black_bowl.xml	10343	18c1074cfa09baea739bb75928f9bd2bd80e22ac18655f6a27f005dbf77ccfda	git-blob-sha1	43d6ae58c8b9b0c8e74bca041043e1901a8e892c
stable_scanned_objects/akita_black_bowl/akita_black_bowl_col.obj	40089	ac0a7aff7543aa32c65cf64d39191ca5127763a39b3ab25329b9fa828224cc39	git-blob-sha1	1eb2764398bc4197da1d1ac675f823a4075611b7
stable_scanned_objects/akita_black_bowl/texture.png	12751242	8a646d98b084b7400dd91beed9c83e10b4a4dca572896b3974356b7937a4bd85	lfs-sha256	8a646d98b084b7400dd91beed9c83e10b4a4dca572896b3974356b7937a4bd85
stable_scanned_objects/akita_black_bowl/visual/akita_black_bowl_vis.msh	4592392	6474d536a740e995c3a2eaeb74c61e14da94131b0b222c250b61b30b13d11229	lfs-sha256	6474d536a740e995c3a2eaeb74c61e14da94131b0b222c250b61b30b13d11229
stable_scanned_objects/basin_faucet_base/basin_faucet_base.mtl	455	53020319c87baacb345a243c6daeb13b40d901ea44eb430412ea05cfef1663d2	git-blob-sha1	9813ccd2b1c415c1fe8037b26751fe1392302325
stable_scanned_objects/basin_faucet_base/basin_faucet_base.obj	84367	350f37c1a575a0976fb9f8a1ca9671ef26ab6d00f9bbc6248dbbd23bb5a6474c	git-blob-sha1	a427f87ee90a2300d371d274f61bf7872358ee6e
stable_scanned_objects/basin_faucet_base/basin_faucet_base.xml	1678	222415a2bf02d69c5983c29fb4d6bf4ecd0b73da46318cdf0115ba00740b713a	git-blob-sha1	fb9b2c3815b55f26b6b66fe637d368f9c211728c
stable_scanned_objects/basin_faucet_base/basin_faucet_base_col.obj	2867	ca46d7dea98c2b622b176cf17dafeea9b83129705d85785a8062186abf52678a	git-blob-sha1	eb1fbec254e9e11be0f45071cf1d4968e5b14f05
stable_scanned_objects/basin_faucet_base/visual/basin_faucet_base_vis.msh	108664	198108aef8aa6509a7777a91e561e5631c12481582f6b624cecfb97c3139754e	lfs-sha256	198108aef8aa6509a7777a91e561e5631c12481582f6b624cecfb97c3139754e
stable_scanned_objects/basin_faucet_movable/basin_faucet_movable.mtl	259	b1d150257d3ef78cfa8a73ecd679df0c5ba8fb61452d76199dad5cc863a40445	git-blob-sha1	c3196bf5d95ce14b880444ca1a456ed73c9d248c
stable_scanned_objects/basin_faucet_movable/basin_faucet_movable.obj	34282	d9a6a0d44fc2c86b77f05ab3405948bccfebaca09bd5c4fd69eb85212200b9d5	git-blob-sha1	e4af52b1d21b358551d6453567d495868d6fb05e
stable_scanned_objects/basin_faucet_movable/basin_faucet_movable.xml	1468	69b216384753495ba02f15fdb0eb41ef773277847027013c4cf2426c86151de9	git-blob-sha1	85021f4d478458da039b974aecf99b0ae86e7b1e
stable_scanned_objects/basin_faucet_movable/basin_faucet_movable_col.obj	1914	a68b25a39099798efdf719e2e936a7908d4dfc5c786132d0e05098bae7c8b6ed	git-blob-sha1	43248169bd08e4b8c4c390dfc5ef16626332c05c
stable_scanned_objects/basin_faucet_movable/visual/basin_faucet_movable_vis.msh	46672	f628041c22962681bf6fb26af03a67bb1b58d08bfb67bc35caff4c8599c6d643	git-blob-sha1	dd00d30cd6d4bfe19fa15dca34888efcc2f73463
stable_scanned_objects/basket/basket.mtl	235	082f0815ab36e86a01940a8892acc7f8ecf36e70bedeeb9e3714633fd91fea76	git-blob-sha1	7537a952230c921de13df76731dd5ffe78f70e00
stable_scanned_objects/basket/basket.obj	7049522	54a789babe3d15e9ac55b837e0cc2dafb9413ae035be6af6d5847f4b14b3d144	git-blob-sha1	b0b1a4e974a6c6853869fdfe7f23fe0b556ae8da
stable_scanned_objects/basket/basket.xml	2167	9c1a8263944d17f5265de9cb5aec3cee934979dee19361d21f15e2128f22d253	git-blob-sha1	b710dc317b332d3a1f9b9b048cac68c8df5a5ab8
stable_scanned_objects/basket/basket_col.obj	4642	7d1c1ecad06d16be9bae8178debb12d9d6509e0f166aed115eb7485f1d7deaac	git-blob-sha1	44773831e78b6d30896c09e687c5315ff9f762bd
stable_scanned_objects/basket/texture.png	11112400	89c2107a39ce27d7dffc383153153e021958408cd6fffd8bf8f318a0bb2c302b	lfs-sha256	89c2107a39ce27d7dffc383153153e021958408cd6fffd8bf8f318a0bb2c302b
stable_scanned_objects/basket/visual/basket_vis.msh	7170136	51ca04e71fbca8a4fdd5fa86362867d414e401923e1cb9b0daed488513b46734	lfs-sha256	51ca04e71fbca8a4fdd5fa86362867d414e401923e1cb9b0daed488513b46734
stable_scanned_objects/bowl.zip	4614115	cdbf7590b1010e7a30760c8344ec95d922b655132fb67025d6042a3681873d26	lfs-sha256	cdbf7590b1010e7a30760c8344ec95d922b655132fb67025d6042a3681873d26
stable_scanned_objects/chefmate_8_frypan/chefmate_8_frypan.mtl	266	561fc6bf48a51f7dd8057f10454f57fa25702b67b9039d8ffba50681c60b6e16	git-blob-sha1	64955ec1edce008bc764b01878ece077799c8022
stable_scanned_objects/chefmate_8_frypan/chefmate_8_frypan.obj	918767	a6eb0516cdba45471ee325ccc88d92685063431941ff386f124a195d8369726e	git-blob-sha1	a75ffa16649e4cb6e086643b57373f804d4e82a1
stable_scanned_objects/chefmate_8_frypan/chefmate_8_frypan.xml	6791	8ba227a630dfb2f25f4b4285659460f5eddb59d8b7c90013a0c5ea0812da2376	git-blob-sha1	7cf7568cb5ae88b0aeba8b90ea1c95c9828a05c9
stable_scanned_objects/chefmate_8_frypan/chefmate_8_frypan_col.obj	24673	a19b6546ca3e2f67669f10996b929330b4f0e3017431b50c3da5a5a79b600e75	git-blob-sha1	1fc75a209491464476868197716d88a93c765f56
stable_scanned_objects/chefmate_8_frypan/texture.png	752681	7b6adc65fc2f18030a1aa0c3dde2c1719e7b74431e0e5279bea9b6416af7deb6	lfs-sha256	7b6adc65fc2f18030a1aa0c3dde2c1719e7b74431e0e5279bea9b6416af7deb6
stable_scanned_objects/chefmate_8_frypan/visual/chefmate_8_frypan_vis.msh	1006576	65e0483c19250107aef692fa80a8d597ef89bcf7ea28e6e9c2a4adcfa775acd2	lfs-sha256	65e0483c19250107aef692fa80a8d597ef89bcf7ea28e6e9c2a4adcfa775acd2
stable_scanned_objects/glazed_rim_porcelain_ramekin/glazed_rim_porcelain_ramekin.mtl	279	f74b78748dffa7f8c37f9a9976afc64ab5f501474617f202a855777c0ad8c43b	git-blob-sha1	7bf478fe3f1fee5bfaa4f3998250af0f0b8eb25f
stable_scanned_objects/glazed_rim_porcelain_ramekin/glazed_rim_porcelain_ramekin.obj	1602426	d85490ca8132d4ff403ca974814f966ea9a81a824914683adafa4d3130f88be2	git-blob-sha1	7f8535dee4f874a0461be853e347f8fbfd2e7b61
stable_scanned_objects/glazed_rim_porcelain_ramekin/glazed_rim_porcelain_ramekin.xml	6886	61cf1b665e52faf68a98b044da3fc2b42f2303485b6445743741fbf99d3f9bcf	git-blob-sha1	5960a507d3f7766c4cb2ac962eb4807503cec166
stable_scanned_objects/glazed_rim_porcelain_ramekin/glazed_rim_porcelain_ramekin_col.obj	24771	6e9a21e5f552d4e45ebe515fe6deaf7993de06e578e31255aac9acc75ad2077a	git-blob-sha1	9cd72533245d8bd2e140606f0e171a60655e7a01
stable_scanned_objects/glazed_rim_porcelain_ramekin/texture.png	311263	7323b1d08b6242dd9127f853e23bb5b2651c8665dcb3c78ed00a632aef567750	lfs-sha256	7323b1d08b6242dd9127f853e23bb5b2651c8665dcb3c78ed00a632aef567750
stable_scanned_objects/glazed_rim_porcelain_ramekin/visual/glazed_rim_porcelain_ramekin_vis.msh	1757608	9ef1877c027112d27fca3e8b16e7c226fb02f52345750b8d8c8217ad0c41c5eb	lfs-sha256	9ef1877c027112d27fca3e8b16e7c226fb02f52345750b8d8c8217ad0c41c5eb
stable_scanned_objects/plate/model.mtl	410	857543aabcc8a25b1c200b087d6bbe7395cd865666930960fa0f0aec421ea6aa	git-blob-sha1	6b8ec6d2159b72d8f090a4d79bd65e059ad17164
stable_scanned_objects/plate/model.obj	297757	5ec42f48b0b6805d3803860b932cb8013e069fda208117c17d7f09aaeb6790d4	git-blob-sha1	97e8080b0720239af2245dfebf575fddd64fb30b
stable_scanned_objects/plate/plate.xml	3158	72b4de23b2daa3169843b784998c0c3c30a6559c6c85917c6b86e3d39fa241e6	git-blob-sha1	004fadc5500c3d2bb76d44c3b894856e6882c031
stable_scanned_objects/plate/plate_col.obj	9608	5bc6426530e03d18c3ccafc231cf3660867b39167ab7eaf520efa439dc50bd94	git-blob-sha1	8b00f6a233cabf09ec6f970bce26489b56b45762
stable_scanned_objects/plate/texture.png	8660937	6b742142bf0e29a90d76c4b0254a4481e9eff4807eff3ac6c4ac67a5888fb005	lfs-sha256	6b742142bf0e29a90d76c4b0254a4481e9eff4807eff3ac6c4ac67a5888fb005
stable_scanned_objects/plate/visual/model_vis.msh	374128	7d3278b1cefb2ed496094cad18f0c66004ee65ab933122ec8d5efdc78daa96b4	lfs-sha256	7d3278b1cefb2ed496094cad18f0c66004ee65ab933122ec8d5efdc78daa96b4
stable_scanned_objects/red_bowl/ceramic_bowl_col.obj	36010	c8bc909f8a149112a5af0dd26edd116e9310a0e8b826f42df2a82364a78d8c53	git-blob-sha1	e4dda28b2f44ae7c2622da9a8e617c94e9ae7e56
stable_scanned_objects/red_bowl/model.mtl	410	857543aabcc8a25b1c200b087d6bbe7395cd865666930960fa0f0aec421ea6aa	git-blob-sha1	6b8ec6d2159b72d8f090a4d79bd65e059ad17164
stable_scanned_objects/red_bowl/model.obj	1224919	c85568f9daa9fed2cf196f1f7d8be52feb79250ead240cf09b488b065c0b0293	git-blob-sha1	f4bbde9b038be290085a62d1b0ea057fb819596f
stable_scanned_objects/red_bowl/red_bowl.xml	9294	98962cec001321da77b1def7cf89c35862b7398231c0a63eda00a6df3f23b309	git-blob-sha1	043e57ad27993d644f1a0066c90b299cd45fbaa5
stable_scanned_objects/red_bowl/texture.png	7982813	a850aaf925421f49a7399f6fc80444a1ab5de7b1110f4294598c5dc2231ea3fd	lfs-sha256	a850aaf925421f49a7399f6fc80444a1ab5de7b1110f4294598c5dc2231ea3fd
stable_scanned_objects/red_bowl/visual/model_vis.msh	1515256	260756fe40301b42f948d644f072eccf57b1ba57d20d3d26e5261383bdace350	lfs-sha256	260756fe40301b42f948d644f072eccf57b1ba57d20d3d26e5261383bdace350
stable_scanned_objects/simple_rack/simple_rack.mtl	137	08d4356084b54f84e4eb2dc6ecae487fccc5752f2eff27995002bcc84df7a71e	git-blob-sha1	00ba6c28178ea4647a34dda7788c4d89bbe11a3c
stable_scanned_objects/simple_rack/simple_rack.obj	111916	a4d4e3a51f716d299e478ff8aa192dcf2771682a5e65c50c6b984a65ad711e2b	git-blob-sha1	e1b4475f33877b2ffa8b21b5f3f17d53add9f1c2
stable_scanned_objects/simple_rack/simple_rack.xml	4287	b983fb05d2d777d5042a732ac8c0ecb5d02b64cb6a8aefdc4d3ea00c5f783542	git-blob-sha1	d998f46aec3b442c2ede98798075cfa3f56cb8d7
stable_scanned_objects/simple_rack/simple_rack_col.obj	14472	b9f351cd75a754c2c55b647a4d8e4c70e2050f6c85058017a86b722146b21ded	git-blob-sha1	7f5165c4b067760d19cb10d6a5dfe920210e5c22
stable_scanned_objects/simple_rack/visual/simple_rack_vis.msh	188800	3a4d5bcf3ce3718cecc51dea9e2edac068b80d4d6f58a27124f31eb408ca177f	lfs-sha256	3a4d5bcf3ce3718cecc51dea9e2edac068b80d4d6f58a27124f31eb408ca177f
stable_scanned_objects/white_bowl/ceramic_bowl_col.obj	36010	c8bc909f8a149112a5af0dd26edd116e9310a0e8b826f42df2a82364a78d8c53	git-blob-sha1	e4dda28b2f44ae7c2622da9a8e617c94e9ae7e56
stable_scanned_objects/white_bowl/model.mtl	410	857543aabcc8a25b1c200b087d6bbe7395cd865666930960fa0f0aec421ea6aa	git-blob-sha1	6b8ec6d2159b72d8f090a4d79bd65e059ad17164
stable_scanned_objects/white_bowl/model.obj	1224919	c85568f9daa9fed2cf196f1f7d8be52feb79250ead240cf09b488b065c0b0293	git-blob-sha1	f4bbde9b038be290085a62d1b0ea057fb819596f
stable_scanned_objects/white_bowl/texture.png	7982813	a850aaf925421f49a7399f6fc80444a1ab5de7b1110f4294598c5dc2231ea3fd	lfs-sha256	a850aaf925421f49a7399f6fc80444a1ab5de7b1110f4294598c5dc2231ea3fd
stable_scanned_objects/white_bowl/visual/model_vis.msh	1515256	260756fe40301b42f948d644f072eccf57b1ba57d20d3d26e5261383bdace350	lfs-sha256	260756fe40301b42f948d644f072eccf57b1ba57d20d3d26e5261383bdace350
stable_scanned_objects/white_bowl/white_bowl.xml	9307	70d21ae151c9f67461ac6819c794b1539605418a3aca0f8f4345673dc7cd450b	git-blob-sha1	cdf2cdd08a90209c0e42facc4164a486e41c77d9
textures/brown_ceramic_tile.png	1192761	76f19ce9c0a307a447d9c65edcf0757e405358e6d22e2a52cfa2cd6dc5c63224	lfs-sha256	76f19ce9c0a307a447d9c65edcf0757e405358e6d22e2a52cfa2cd6dc5c63224
textures/canvas_sky_blue.png	1748434	19201f8c7f35ff0668ebde2145f40163c3955b7885b4dd14ca7e430bdc58a621	lfs-sha256	19201f8c7f35ff0668ebde2145f40163c3955b7885b4dd14ca7e430bdc58a621
textures/capriccio_sky.png	939041	39fc56c01dc26c840e1a20d1f695796caa130b70dd6ee3159da22a70e0421fd5	lfs-sha256	39fc56c01dc26c840e1a20d1f695796caa130b70dd6ee3159da22a70e0421fd5
textures/ceramic.png	1442030	beef464a2aa9143ba6a25a44adcbfd1f1aff16c5969edbf08019b61025388402	lfs-sha256	beef464a2aa9143ba6a25a44adcbfd1f1aff16c5969edbf08019b61025388402
textures/cream-plaster.png	696397	5f989033f089158b2c8f0f1f7881f6922b018a5b154558b2edcc9f41a21ab983	lfs-sha256	5f989033f089158b2c8f0f1f7881f6922b018a5b154558b2edcc9f41a21ab983
textures/dapper_gray_floor.png	176753	99f641e7f34f43896155816c265b7206972ebd3997e83ab98f3be210222deec0	lfs-sha256	99f641e7f34f43896155816c265b7206972ebd3997e83ab98f3be210222deec0
textures/dark_blue_wall.png	1216412	ecb999e23c85dfef374feeea938c6864f8fc14ba22b8a4c1b37785812d0923c5	lfs-sha256	ecb999e23c85dfef374feeea938c6864f8fc14ba22b8a4c1b37785812d0923c5
textures/dark_floor_texture.png	432717	182b1d927029d6284b5cbe3e317b111cbc5b147b692fd0f19e4181a02d08f647	lfs-sha256	182b1d927029d6284b5cbe3e317b111cbc5b147b692fd0f19e4181a02d08f647
textures/dark_gray_plaster.png	172397	122ac950498a1e157ddbe54df9a585344059018e36328341d2dd4eef72f5337c	lfs-sha256	122ac950498a1e157ddbe54df9a585344059018e36328341d2dd4eef72f5337c
textures/dark_green_plaster_wall.png	6873572	a2a9531fc002626a79a7ac3aaaee26a15bb5fee03253ab80f6b3004f3c9d1878	lfs-sha256	a2a9531fc002626a79a7ac3aaaee26a15bb5fee03253ab80f6b3004f3c9d1878
textures/gray_ceramic_tile.png	435890	93a1c2b647f31aded62b4125439e17aa1a55c8f4e77820909d9a1c235f6c7315	lfs-sha256	93a1c2b647f31aded62b4125439e17aa1a55c8f4e77820909d9a1c235f6c7315
textures/gray_floor.png	1289546	8c806924415a06b5fa49d852ad14a0b1bb07afc225153eb832f3369bcefabc60	lfs-sha256	8c806924415a06b5fa49d852ad14a0b1bb07afc225153eb832f3369bcefabc60
textures/gray_plaster.png	700270	5c3f8353cdebc86273b8619205f3bb1bc2be252d3db41d77848a32d9eda0d965	lfs-sha256	5c3f8353cdebc86273b8619205f3bb1bc2be252d3db41d77848a32d9eda0d965
textures/gray_wall.png	7088154	c90b41e7f3f0b32635804f47811bc8deba14cf561b1af40ec62972fb6039cef9	lfs-sha256	c90b41e7f3f0b32635804f47811bc8deba14cf561b1af40ec62972fb6039cef9
textures/grigia_caldera_porcelain_floor.png	87431	1382cde9e4674cd7c251c5c79f0035d863c4c2e2fb49c01baee316f4401025ea	lfs-sha256	1382cde9e4674cd7c251c5c79f0035d863c4c2e2fb49c01baee316f4401025ea
textures/kona_gotham.png	17680	e5c809ed713d65fcfbb560456c1ad412ce8777ecd5abe76ade04ca1c2bb411c8	lfs-sha256	e5c809ed713d65fcfbb560456c1ad412ce8777ecd5abe76ade04ca1c2bb411c8
textures/light-gray-floor-tile.png	73373	a2aae4ba3b38c3ab9851eca9ad6e76cef9357ef75b3e9a4b280f694ca30acbc5	lfs-sha256	a2aae4ba3b38c3ab9851eca9ad6e76cef9357ef75b3e9a4b280f694ca30acbc5
textures/light-gray-plaster.png	516639	d0bdaf13b44ab6ef3122451f6b3853e40bdf20bb9be7662649683ba525dfe191	lfs-sha256	d0bdaf13b44ab6ef3122451f6b3853e40bdf20bb9be7662649683ba525dfe191
textures/light_blue_wall.png	180284	0e53979a16a1464ba0ba693e38cf71fb541875a5529e00853ed9b3c739687df2	lfs-sha256	0e53979a16a1464ba0ba693e38cf71fb541875a5529e00853ed9b3c739687df2
textures/light_floor.png	868219	f6e69937f87ef7d956e4434535ab2ff99939216cc03c842cd9b4ba16023b32e6	lfs-sha256	f6e69937f87ef7d956e4434535ab2ff99939216cc03c842cd9b4ba16023b32e6
textures/light_gray_plaster.png	1309377	d590eae1c249dd8644a698ab1776aa1380262630cf79556a1cb2f9a726729844	lfs-sha256	d590eae1c249dd8644a698ab1776aa1380262630cf79556a1cb2f9a726729844
textures/light_grey_plaster.png	392158	c7fc746d496fcaed1c716ad5fc5f8237095613e09dd80eae3e969f599cee9c06	lfs-sha256	c7fc746d496fcaed1c716ad5fc5f8237095613e09dd80eae3e969f599cee9c06
textures/marble_floor.png	158880	097ed503a7e6280549a8f249d92f6813f491a3e20b7b8d9a29d5f03b6e4c973c	lfs-sha256	097ed503a7e6280549a8f249d92f6813f491a3e20b7b8d9a29d5f03b6e4c973c
textures/martin_novak_wood_table.png	940180	9d714fbf44d4d44f279761c0ddd0b2fd7271446cdbb85fcbef8677fe5f929850	lfs-sha256	9d714fbf44d4d44f279761c0ddd0b2fd7271446cdbb85fcbef8677fe5f929850
textures/meeka-beige-plaster.png	657870	a24b1b67ef66a52358dfe7382e955cc9eca699ae846072d9745f78000e41b10c	lfs-sha256	a24b1b67ef66a52358dfe7382e955cc9eca699ae846072d9745f78000e41b10c
textures/new_light_gray_plaster.png	1457824	5a51d3ac1fc9991c1530eefdf7922aefdbd18f4cb1fd08ca0ee81e74b586defd	lfs-sha256	5a51d3ac1fc9991c1530eefdf7922aefdbd18f4cb1fd08ca0ee81e74b586defd
textures/rustic_floor.png	350989	915563b7009b30fe63c69b0107f36cc40448ab3e9b83ce8a67f5ebbb2f94c7fe	lfs-sha256	915563b7009b30fe63c69b0107f36cc40448ab3e9b83ce8a67f5ebbb2f94c7fe
textures/seamless_wood_planks_floor.png	3174441	c7a70ef3fad0cafc1d196e49f9ff1b483d0a5e62ed457b108a9c9b2c9ed1dd13	lfs-sha256	c7a70ef3fad0cafc1d196e49f9ff1b483d0a5e62ed457b108a9c9b2c9ed1dd13
textures/smooth_light_gray_plaster.png	516639	d0bdaf13b44ab6ef3122451f6b3853e40bdf20bb9be7662649683ba525dfe191	lfs-sha256	d0bdaf13b44ab6ef3122451f6b3853e40bdf20bb9be7662649683ba525dfe191
textures/stucco_wall.png	282099	b4c2cc15cf253c3c2e7e88930cae7d5b699552f9397673ba5df874f871c6c84d	lfs-sha256	b4c2cc15cf253c3c2e7e88930cae7d5b699552f9397673ba5df874f871c6c84d
textures/table_light_wood.png	202250	c260c4543647d53da9379078a788d183a334734103739a42dce1a004a2eb0e33	lfs-sha256	c260c4543647d53da9379078a788d183a334734103739a42dce1a004a2eb0e33
textures/tile_grigia_caldera_porcelain_floor.png	73373	a2aae4ba3b38c3ab9851eca9ad6e76cef9357ef75b3e9a4b280f694ca30acbc5	lfs-sha256	a2aae4ba3b38c3ab9851eca9ad6e76cef9357ef75b3e9a4b280f694ca30acbc5
textures/white_marble_floor.png	652993	d79fb61f545669659a6bbdfd68c750fe4fd2830e448465f223fe4c224b8d17ca	lfs-sha256	d79fb61f545669659a6bbdfd68c750fe4fd2830e448465f223fe4c224b8d17ca
textures/white_wall.png	15793	c02f6ad8cbd0e217da8d0068eca3dcff5752611c46999666ad7d4835de05bf12	lfs-sha256	c02f6ad8cbd0e217da8d0068eca3dcff5752611c46999666ad7d4835de05bf12
textures/yellow_linen_wall_texture.png	607573	292d1bb3a8536b2faf73c91b9d6b11ac90c58136cbaade2af0d7b941f70904aa	lfs-sha256	292d1bb3a8536b2faf73c91b9d6b11ac90c58136cbaade2af0d7b941f70904aa
turbosquid_objects/black_book/black_book.mtl	657	48a3690643d78b1db5770a3747f0e3da18f391e066d8a954578cc2ff255c4b97	git-blob-sha1	816b86737f9684bfba4785c83d5217a3b6d7aa13
turbosquid_objects/black_book/black_book.obj	512689	affcdf1de967906914c37d819def2b16f00b8ca4c63002e6fdc32a636cf77e25	git-blob-sha1	34025c798161d9293fa521ad2781f8bcdda68764
turbosquid_objects/black_book/black_book.xml	1086	dd50260bf3fe93abd3d4694403082b4025409ab0ee1590d8a73bd00c8a804b83	git-blob-sha1	73481d4f87d7480cc75add0fe7cce147e5ea2921
turbosquid_objects/black_book/black_book_col.obj	933	922869d615cb75e8c843ea1b271df58f0c3460423205d4818633e69c12097136	git-blob-sha1	92a900bd57c61fb29f2ccf108046330c8d3ad439
turbosquid_objects/black_book/black_book_texture.png	186624	b743b0e878a10e579371707f3d135c6e7a80a8c307fffabfe1fea6a784830ec2	lfs-sha256	b743b0e878a10e579371707f3d135c6e7a80a8c307fffabfe1fea6a784830ec2
turbosquid_objects/black_book/visual/black_book_vis.msh	773296	ca4a7f95bad5dee37a99c0374df132eadf5f8304770e5830f3286d730c844049	lfs-sha256	ca4a7f95bad5dee37a99c0374df132eadf5f8304770e5830f3286d730c844049
turbosquid_objects/bowl_drainer/bowl_drainer.mtl	240	cb1b1aff1298cb5d33fa89dec94fe1baae519d23a458ab4f22710d33bfe0124c	git-blob-sha1	87011f1c22990517481bbe1e10375f44719b867e
turbosquid_objects/bowl_drainer/bowl_drainer.obj	1103826	268352df18388a1daa4f3f4b072b4ad3843fa02ad891ce3484349b85b056d0c2	git-blob-sha1	afc215df955861acb11329a9676a4e4a3aeda80e
turbosquid_objects/bowl_drainer/bowl_drainer.xml	2844	b73fea1507c47cd797b4f5a133a7efca7542f1776fc8632fb7a636de20335e9a	git-blob-sha1	c2c1e40a5a469011d3a5cb42fb8dcecf41da1b48
turbosquid_objects/bowl_drainer/bowl_drainer_col.obj	5689	73afdf48c87b71f211cc1e4a98db47665f746f94adf6acc41cfbc2ca75e3d459	git-blob-sha1	2fa78114d97b94ac803875d0b89f55dd560126f7
turbosquid_objects/bowl_drainer/ceramic.png	1442030	beef464a2aa9143ba6a25a44adcbfd1f1aff16c5969edbf08019b61025388402	lfs-sha256	beef464a2aa9143ba6a25a44adcbfd1f1aff16c5969edbf08019b61025388402
turbosquid_objects/bowl_drainer/visual/bowl_drainer_vis.msh	1597984	05e0e419d1ba1642caf17b708091090b3acbba73964725fdde702f7f12b21146	lfs-sha256	05e0e419d1ba1642caf17b708091090b3acbba73964725fdde702f7f12b21146
turbosquid_objects/desk_caddy/desk_caddy.mtl	245	444249e18df14a2e31c1ebc729fca24cb3dcf6fef68ec657ffc497b7230ddebe	git-blob-sha1	e2f22354cdaa99f176df5c88579aed9700a2cbdb
turbosquid_objects/desk_caddy/desk_caddy.obj	2413068	cb126aac17b6dcfa5e494f5ae4d5251cf9ae1acd080a6d29311edcabf7cd49ba	git-blob-sha1	21033b2a362702e9108a232731b519cc10b6e94d
turbosquid_objects/desk_caddy/desk_caddy.xml	5572	267de04e2191517700fced70d9f434958ba88d5e8d449e9def43aeaedd82dd85	git-blob-sha1	bb59530d8629878f8974efaed4abf79d31743ee3
turbosquid_objects/desk_caddy/desk_caddy_col.obj	16196	739d35f26f16da952670770eaff698b3192db9f4dac08322c80069ab38643040	git-blob-sha1	3b67c24f86009477c92cc9e10bc82a09e3936b68
turbosquid_objects/desk_caddy/desk_caddy_site.obj	3797	b0c0a8a6742fe8a91c53f741dbb8189fb8c0f7de572309bf8c77a037c26fe1d8	git-blob-sha1	196f9c7451a052998d8b2d6e078f07b92d0b9a16
turbosquid_objects/desk_caddy/desk_caddy_site.xml	1415	275ca7cd2a80b882963b8219acc4115eef268c99776f2c07387e75f2dfd00a2c	git-blob-sha1	75d2ea34d6848f5092fa1a125dfd7dce850dea97
turbosquid_objects/desk_caddy/desk_caddy_texture.png	11230178	ea07fb85ab5ef7167040e459ae4442827d114d778aaf4f6a8229bc3898406238	lfs-sha256	ea07fb85ab5ef7167040e459ae4442827d114d778aaf4f6a8229bc3898406238
turbosquid_objects/desk_caddy/visual/desk_caddy_vis.msh	2696776	c2a31df6411aa382d91553a594faa2cb9577908c3881b9022616f9d6604333a4	lfs-sha256	c2a31df6411aa382d91553a594faa2cb9577908c3881b9022616f9d6604333a4
turbosquid_objects/dining_set_group/dining_set_group.xml	2706	a80770ab226c5dcaeb2c9b436e13f646fcfe4d8e3e3d38dc1c117ddc89203e92	git-blob-sha1	38dc6ae22292ed4899c921993259a802f17507e0
turbosquid_objects/dining_set_group/dining_set_utensils.mtl	256	12142ec49b40abbc35791b5a6746039507c0e614b7bc0500e3c426c5c544b188	git-blob-sha1	fe041fceedce63512fd2bd9b4af9f6544f4ecdfb
turbosquid_objects/dining_set_group/dining_set_utensils.obj	160007	55cba4149375097a7a0a832f5d48e842820c79158890d6e33d01fbe6a1646364	git-blob-sha1	9f33210f528c389e687ad33bc9459ad71b156ab9
turbosquid_objects/dining_set_group/metal.png	196878	93784216a66b52be9c8ccc3732e50f511815291e32f34f97bd139ed7229061fa	lfs-sha256	93784216a66b52be9c8ccc3732e50f511815291e32f34f97bd139ed7229061fa
turbosquid_objects/dining_set_group/visual/dining_set_utensils_vis.msh	262240	a3d3d44c836e908a25784e54e28c2083f4c01a45dcfa0ec69e72109356798d25	lfs-sha256	a3d3d44c836e908a25784e54e28c2083f4c01a45dcfa0ec69e72109356798d25
turbosquid_objects/dining_set_group/white_linen_texture.png	465048	0ee137d6efc1dbac08db147f3b2c9cde59e204f429ac552267a8ca9e54917ccd	lfs-sha256	0ee137d6efc1dbac08db147f3b2c9cde59e204f429ac552267a8ca9e54917ccd
turbosquid_objects/moka_pot/metal_diff.png	1036822	4b59ae89c09579b8edcf29df79fc17090f9d9fd1ac8275a7bd3b5cabf376ffaa	lfs-sha256	4b59ae89c09579b8edcf29df79fc17090f9d9fd1ac8275a7bd3b5cabf376ffaa
turbosquid_objects/moka_pot/moka_pot.xml	4917	b42223663280e10a755a65b395f3d6ef4f2e2ac476024a50c1e66cff9bfe5215	git-blob-sha1	bd108aec4ca49f22fee5008280b09eb8a3ca60aa
turbosquid_objects/moka_pot/moka_pot_body.mtl	244	7d561577db03f077b42c9a2e50fd188e74dabcd9f8e9bb37d54ccf7cd95c5ac4	git-blob-sha1	7d4a8a31d4a74443a231ffbd35fac8cbd0d6ba72
turbosquid_objects/moka_pot/moka_pot_body.obj	109476	13b6afb8e53da8163cd75d3736b1361542eb098896ef08502a2040a19aeac4eb	git-blob-sha1	9556a3a6c3a8b0fb88ce674ff2d39d8a4e89ceb2
turbosquid_objects/moka_pot/moka_pot_col.obj	14278	21e290bf3aba3788e8b5a0c8ff91e41cc16da65b861f9837c8ce75d5977756b0	git-blob-sha1	c7af5d9a867192ce40e35266dc0f2f199a36ee3a
turbosquid_objects/moka_pot/moka_pot_handle.mtl	248	5ec464b41d6916ad2a12bbfe89c9550088539326f8c394155d435e1befb41145	git-blob-sha1	aad6050d1d1bc6a8f6acf36160b0fb15c24445d5
turbosquid_objects/moka_pot/moka_pot_handle.obj	49121	e0dea1b737eef50b56442aaad69579a97ffa6a4c8ddf84018e355e418608bd2b	git-blob-sha1	f11e932db419bfe3f5bab553ab8a86a84cea264b
turbosquid_objects/moka_pot/moka_pot_handle.xml	4430	048bf233852c38f8d5f52204ffc77169b3286bf0639ce070c9de04d439127970	git-blob-sha1	584c2eb9acf8b2bc3ba07dac273f605fc0345a6f
turbosquid_objects/moka_pot/rubber_black.png	492169	8147f34af7c3e5c6b7c8496e34f848662a91d10cb55aae5bab8150eb7ff02e81	lfs-sha256	8147f34af7c3e5c6b7c8496e34f848662a91d10cb55aae5bab8150eb7ff02e81
turbosquid_objects/moka_pot/visual/moka_pot_body_vis.msh	155212	5b3009030d48d383572e7a3930ef0bbb55e16b59e9f2451a798c904dfdc227ca	lfs-sha256	5b3009030d48d383572e7a3930ef0bbb55e16b59e9f2451a798c904dfdc227ca
turbosquid_objects/moka_pot/visual/moka_pot_handle_vis.msh	81772	a9eb6b68faa6bb883cfa4c3d308935d4b777041a750e52ddebb048d387dc95b8	git-blob-sha1	49b5f16e022f33f9d53e4aaf350c72166d26b4b9
turbosquid_objects/porcelain_mug/porcelain_mug.mtl	251	f56f793e08879cd5cf19b06f13e03ae2c756cefe8d262da96a2eba41e9808a06	git-blob-sha1	d3c48a5607eb6107f5a62e4b8038ab4868e63412
turbosquid_objects/porcelain_mug/porcelain_mug.obj	1558046	d89266fb988c320dce57a411a4ba68682e9d86a6785fa0cc1c5b2b4461167cf5	git-blob-sha1	78170c9c31b8bced6981c866827aadd93abff011
turbosquid_objects/porcelain_mug/porcelain_mug.xml	6073	cd72828fc40d20ccd8d3fb08ae37fbc87cb9957309eb4e3d04244554491f753e	git-blob-sha1	290fd410b6ae373c4e6280dd14cdbe7a8a66608e
turbosquid_objects/porcelain_mug/porcelain_mug_col.obj	21253	b8de36f067acf1f26dc2a830bf9354ad2dbc725432fa1a8b185b577427a804e3	git-blob-sha1	f4f7ce142910b33f184b0d8d503afee0aae324b3
turbosquid_objects/porcelain_mug/porcelain_mug_texture.png	7293802	bab4363b4e86e3352718ef1c3849a632fa06f83528bb408f4b533ceb01b3bc25	lfs-sha256	bab4363b4e86e3352718ef1c3849a632fa06f83528bb408f4b533ceb01b3bc25
turbosquid_objects/porcelain_mug/visual/porcelain_mug_vis.msh	1797568	e0dc3f0a0585d172c6ff22e49173774e37bc8a4a8e74d8c583ecb7eb314ffc13	lfs-sha256	e0dc3f0a0585d172c6ff22e49173774e37bc8a4a8e74d8c583ecb7eb314ffc13
turbosquid_objects/red_coffee_mug/red_coffee_mug.mtl	253	b7f6f1c25d4a700454119c8204319e04b4b5847ad820f668083809ec98bc68e9	git-blob-sha1	d9ec9c06c98fd2befc07c5eef0a9e2b7f50e760d
turbosquid_objects/red_coffee_mug/red_coffee_mug.obj	1035116	085067c96929154028d61356e5bd985cc47c5c7a15c46aea2c20608564f5f4fd	git-blob-sha1	54a5cda1a19eb017e81f68c8123a763401735fa5
turbosquid_objects/red_coffee_mug/red_coffee_mug.xml	3485	53ea9985fcbcb6ead587056a801e795967ac2bd5329ceedc2aed006467dc5f80	git-blob-sha1	0f7224bad560ac75537b08566ec461c11a87e2f5
turbosquid_objects/red_coffee_mug/red_coffee_mug_col.obj	10365	2f0d04528792b77d8c572fe3dd27e3b2727d5d3c6660f7b7282a54290947db30	git-blob-sha1	562dff752d5220eb73654d7cb4d713cfbfbc04c2
turbosquid_objects/red_coffee_mug/red_coffee_mug_texture.png	9780486	056fe075297343bd294678be0f8df694a4f4e0563f42033bb167ce6b5bd0b3a9	lfs-sha256	056fe075297343bd294678be0f8df694a4f4e0563f42033bb167ce6b5bd0b3a9
turbosquid_objects/red_coffee_mug/visual/red_coffee_mug_vis.msh	1212208	c4f694d1ea953d86ce29a085cf3613363a193a6e99446c190d88c47016d94fb6	lfs-sha256	c4f694d1ea953d86ce29a085cf3613363a193a6e99446c190d88c47016d94fb6
turbosquid_objects/white_storage_box/ceramic.png	1442030	beef464a2aa9143ba6a25a44adcbfd1f1aff16c5969edbf08019b61025388402	lfs-sha256	beef464a2aa9143ba6a25a44adcbfd1f1aff16c5969edbf08019b61025388402
turbosquid_objects/white_storage_box/visual/white_storage_box_vis.msh	48400	f9488b5f8a0286ab6c1008dbceea7d5550bd1ec0cebcd48db82721060ac0809c	git-blob-sha1	2660d3606856d393651c828d1ef0400612682490
turbosquid_objects/white_storage_box/white_storage_box.mtl	244	868d65e131fcf7879dbc191b537c8e70798c2fe67ccd552526714880ff1c3a06	git-blob-sha1	ce9b6738b154f494c61bc8c0613dea930000e795
turbosquid_objects/white_storage_box/white_storage_box.obj	30847	cc706200ae053a7fcd0ef71923f7ab1c42a3eb68c9ee8ed93b867030084277c7	git-blob-sha1	735551c52fbf61a86b82f9d10ebe57a8a934c728
turbosquid_objects/white_storage_box/white_storage_box.xml	2491	db7b4ef7ef60d3a28bac7e6311601d33c42bc96a02da41e408188be8fc0ff544	git-blob-sha1	695e72aa272ef4cb467e09f72691a2f76fb85be2
turbosquid_objects/white_storage_box/white_storage_box_col.obj	3745	e4c072d6a64cdfdf24c5044a8467ef150c8d10dbc05dc88fa3410d2eb9c69913	git-blob-sha1	66fc926383c49b915d926b029bc03630be0e03df
turbosquid_objects/white_yellow_mug/visual/white_yellow_mug_vis.msh	913048	aeabcc3a57b84549568a1d6907542ef9e65ea126c101f6f3985deb8b55d3aa79	lfs-sha256	aeabcc3a57b84549568a1d6907542ef9e65ea126c101f6f3985deb8b55d3aa79
turbosquid_objects/white_yellow_mug/white_yellow_mug.mtl	257	7bab3dca8afc9b349b4ecc667d200cd36de863ee3e62dad8541fdacddaee6fa8	git-blob-sha1	2af2ec642a9c3afd4c88c29c30cf314846aa77ce
turbosquid_objects/white_yellow_mug/white_yellow_mug.obj	774409	3eacf25a70e2496af09b35b3f813b3a245cd49c6cf1b35f28cb0f79becc68467	git-blob-sha1	d340635bf590e7e61568b82f30f0976d5d5fd498
turbosquid_objects/white_yellow_mug/white_yellow_mug.xml	10121	134bfdb2e605b60609b63c4bae60d833ad027902973dfb6b912768e0870b435e	git-blob-sha1	e10314ab93566a7f0d375059b019fe925a9e15cc
turbosquid_objects/white_yellow_mug/white_yellow_mug_col.obj	38330	f91a9058f4a6e781b902f326037525831d18c488437389e2aa1cf43f0bacf89d	git-blob-sha1	b1eed24a3ccbff58902523c4566e50f44182fe31
turbosquid_objects/white_yellow_mug/white_yellow_mug_texture.png	8119611	152a4b711c33e8cb6956233043580331bd0f54d5b3dbc13a9bc870201b295890	lfs-sha256	152a4b711c33e8cb6956233043580331bd0f54d5b3dbc13a9bc870201b295890
turbosquid_objects/wine_bottle/Cork_Texture_by_faycop.jpg	277008	a59f0b4204a858367bb7d41c94b2d4b5f27b2b30859637a6c8d072d3122a53d9	lfs-sha256	a59f0b4204a858367bb7d41c94b2d4b5f27b2b30859637a6c8d072d3122a53d9
turbosquid_objects/wine_bottle/cork_texture.png	1322298	93a9c1d22c7256e423a1473b2bf9107b4e120cd249423f7e01289f9c6fd63feb	lfs-sha256	93a9c1d22c7256e423a1473b2bf9107b4e120cd249423f7e01289f9c6fd63feb
turbosquid_objects/wine_bottle/label_wine.png	158360	a8caed4b3414dcf4b72558e339ce1cad1b90b4f159d0d293f06ed04a1f473241	lfs-sha256	a8caed4b3414dcf4b72558e339ce1cad1b90b4f159d0d293f06ed04a1f473241
turbosquid_objects/wine_bottle/visual/wine_bottle_red_cork_vis.msh	96352	2b993448e727c8abf8c25a5ed28699e4594dc692e3eaad76a957627f0afcc474	git-blob-sha1	c1a504b2f3364fb65c3cff472c0b321e5ac2cd39
turbosquid_objects/wine_bottle/visual/wine_bottle_red_logo_vis.msh	3472	99e4f2bec9c76a5277dc40efe774f47e9f079ced13b4197f0ac79bb36bc54e47	git-blob-sha1	d2c4808d828ab4ab1f7e2deb0b227deb9ae15e92
turbosquid_objects/wine_bottle/visual/wine_bottle_red_main_vis.msh	487096	92a7a897bdac34f47161cb418fbe6f7fc9056d2f0e93647beb8139cffeed270a	lfs-sha256	92a7a897bdac34f47161cb418fbe6f7fc9056d2f0e93647beb8139cffeed270a
turbosquid_objects/wine_bottle/wine_bottle.xml	6827	9bdae6cb59f9260544cb802d4babe32c23b9dd66e0a5fb2bdb4662b468ce1a17	git-blob-sha1	751f47e936e12db803b52c40d4169f99853eacc2
turbosquid_objects/wine_bottle/wine_bottle_red_cork.mtl	263	41f70e38e3baaa87ccf3355baace8c5cad3ba5c56d3ecf2761e959adf562a067	git-blob-sha1	bdd5b96d322a12b254541d000fb97fae0b5563ad
turbosquid_objects/wine_bottle/wine_bottle_red_cork.obj	59786	15bee8cd7d34ac18c24ed4463e167120a5cea18d85977539645d22839394ca0c	git-blob-sha1	9c8501d6b023235142311340d015760c8dee188c
turbosquid_objects/wine_bottle/wine_bottle_red_logo.mtl	251	840f57e0ed5a46824e63be68e0bf8b6ee997f5c46dd7960839fe5478bd7e1c47	git-blob-sha1	55af56352f2ad803fab5b248ad4c10768427f845
turbosquid_objects/wine_bottle/wine_bottle_red_logo.obj	2768	52637c8f1247ab63414a5d8238f3f160dccab55d4890f5fa54177a4bd106a2aa	git-blob-sha1	99aa9b422dbc09e7413f1a450563e837026910aa
turbosquid_objects/wine_bottle/wine_bottle_red_main.mtl	606	a0757c429b887630a1380b61a85fa01aaaba31a8f489c512883c26eb510df024	git-blob-sha1	e67ff1de1ef9aec5dd5cc3afde2c3bf149ae746e
turbosquid_objects/wine_bottle/wine_bottle_red_main.obj	304055	2bf2c1ff42873ccf923c8eeacff782839ca2383d4b866f486f51ee28d4a6fdc6	git-blob-sha1	565a143cbbf022599dfe0fe551e39f278aa47c93
turbosquid_objects/wine_bottle/wine_bottle_red_main.xml	5875	460636a34ffe0ececda20fa00f27591b6999861c8f4cdf3d410f605ca2320bda	git-blob-sha1	323850527d6d1a782193bc64a26997a82549409a
turbosquid_objects/wine_bottle/wine_bottle_red_main_col.obj	20286	07b00931aa9bf469db23062a556c5608786ce4bdfc1b9028017fc8fff37e2049	git-blob-sha1	49831c92f0a20bc570b037f0eb994be8a665214f
turbosquid_objects/wine_rack/light-wood.png	801173	967be64bdb170d36283bc43c2ae5d525ec88f78bc837dc7d0efc9a28d68caad1	lfs-sha256	967be64bdb170d36283bc43c2ae5d525ec88f78bc837dc7d0efc9a28d68caad1
turbosquid_objects/wine_rack/light_yellow_metal.png	1729294	b8d8abf32b1940b938c097e6955ef7c5e0b84ab97296e53aa65315efbf1f1359	lfs-sha256	b8d8abf32b1940b938c097e6955ef7c5e0b84ab97296e53aa65315efbf1f1359
turbosquid_objects/wine_rack/mahogany.png	66375	702a734fef1bf0df4e446f98f571628f81e423caba64b5fcfd683bae42135c3b	lfs-sha256	702a734fef1bf0df4e446f98f571628f81e423caba64b5fcfd683bae42135c3b
turbosquid_objects/wine_rack/metal.png	196878	93784216a66b52be9c8ccc3732e50f511815291e32f34f97bd139ed7229061fa	lfs-sha256	93784216a66b52be9c8ccc3732e50f511815291e32f34f97bd139ed7229061fa
turbosquid_objects/wine_rack/visual/wine_rack_planes_vis.msh	65140	f3daf4c20ed4b513b0d3b19d5580aa6f9c677ab6935a138f316b00852714d936	git-blob-sha1	57c40ee7e4aaf86aecc5966c3f41f3105fe023c4
turbosquid_objects/wine_rack/visual/wine_rack_stand_vis.msh	41488	6b4cf3bd2a65f93f41563e86b55b4789965001f78473268b592e59abad9c64fd	git-blob-sha1	f7299b3628551a6e2eaf11ed9ca2d6fc3871a725
turbosquid_objects/wine_rack/visual/wine_rack_stoppers_vis.msh	20752	8647657c858c45b6a55e507689888dffaf80d68d9395f9c7eb5a40eb64e17c62	git-blob-sha1	44aec53d507801138f9db8526511f6f158991fe8
turbosquid_objects/wine_rack/wine_rack.xml	4121	18f97cd8bb76ed18b2f11d047c5abbe0a2d9490d53ac167e0657c596dd450c3e	git-blob-sha1	bbe734ff93f6ab3274642128aa35377f4fcb9b07
turbosquid_objects/wine_rack/wine_rack_planes.mtl	321	5e2d9bf426ad5322b4600057cc8bbf81d08a08e09f65f180b94d811591f54ced	git-blob-sha1	9c39b235e9a2fabea8967dee25c51f050536e0f6
turbosquid_objects/wine_rack/wine_rack_planes.obj	45151	7036695e41b2217c478947fd2255a3c0319668ff25dc36de757ce3fe60610678	git-blob-sha1	d3de2600a2b903e1d6a7f7e0ca8d31f00327b115
turbosquid_objects/wine_rack/wine_rack_planes.xml	1372	d1e664d1aebb10264f71acae4acf5cc5f3b38a4b81d5900f0f53371e43cce3d9	git-blob-sha1	e72f398fc8ee0c4588f4656f3312a9387b94126a
turbosquid_objects/wine_rack/wine_rack_planes_col.obj	1900	882f02cbada03748eeb37570cfd7c6dd0713bd696c49767f8ecdcd0a47ab110d	git-blob-sha1	80cce6c0dc96ba0d71063f662365a3dc611ebd97
turbosquid_objects/wine_rack/wine_rack_stand.mtl	343	a0b3318177e43bec62eed04780a6b3f5bc743b4552b6c07f62356bf3962e2154	git-blob-sha1	a9958daad3b6fd32342b0ff95f090c22713ea5af
turbosquid_objects/wine_rack/wine_rack_stand.obj	28554	7dc7631e3a266e808b45c57429eae08187ccff9c21232377d43ed4a0da289412	git-blob-sha1	7d1c570d0e9cc4a7a15b9d9c71189057d9ca811b
turbosquid_objects/wine_rack/wine_rack_stand.xml	2071	6d5bf2f0056fcd8867f507302d78567bec7dad28521aa2ecb9e07b313d04f53d	git-blob-sha1	815274ae3fe62ed9228df3354f3b69d52ea400cd
turbosquid_objects/wine_rack/wine_rack_stand_col.obj	4719	4baf8eb03f738303a2ac193eadb477534c953279027361b1798a0539fef470da	git-blob-sha1	05d184bc26da757d978b28d0e52ba69c1ef2cc72
turbosquid_objects/wine_rack/wine_rack_stoppers.mtl	1714	4f3c4cacb1f063dfe973a772612d6c6a7ba1532010ec05c49be904c347505521	git-blob-sha1	390aa2c50186563354e956dd7db2a6cea04aa1f7
turbosquid_objects/wine_rack/wine_rack_stoppers.obj	17925	426683bd92d0782c89aab0cab2194e235f35fe9fed9cbab6f9c93fc67b167779	git-blob-sha1	bd25537a5ab7a0deef8ded696f20668ba4624a23
turbosquid_objects/wine_rack/wine_rack_stoppers.xml	1388	f3dd125a83f55535044d9e7d6b9db7b5aebf5c6a403f17e269596d2c31526a27	git-blob-sha1	0a82e79f4edc1fd879fdf7984696d62949b77f6e
turbosquid_objects/wine_rack/wine_rack_stoppers_col.obj	1918	5635e8414ff7539ee310d00e274d9d0bd5906a190e711870c45d35c7706ab829	git-blob-sha1	dc963f4a4e34df446c0da22d2a53610815c7445b
turbosquid_objects/wine_rack_stand/metal.png	196878	93784216a66b52be9c8ccc3732e50f511815291e32f34f97bd139ed7229061fa	lfs-sha256	93784216a66b52be9c8ccc3732e50f511815291e32f34f97bd139ed7229061fa
turbosquid_objects/wine_rack_stand/visual/wine_rack_stand_vis.msh	41488	b092ad20138c3b02d7f5631a011b261d4e8ba197d225194755fdd8ebdc76644a	git-blob-sha1	c8960e9bde067ee9065f11d13c2f892a99e33885
turbosquid_objects/wine_rack_stand/wine_rack_stand.mtl	242	d6b74bf23e00f3bc5f09844651efa81c50b3de86e3c28405bff4c16718d4360f	git-blob-sha1	6b65c2055f6416d8c3ccac3f7701e8c9c6716f0a
turbosquid_objects/wine_rack_stand/wine_rack_stand.obj	28554	fc3e55ca293586c590385430abbec4fd44a16c852e35461f3ca96e0524ff7458	git-blob-sha1	e3e06bdef3cbac42306acbb5ca1de347593a65fa
turbosquid_objects/wine_rack_stand/wine_rack_stand.xml	2067	2980daf707602148bc6778f0fefe4c67bea1d4dfe7c7f97c2ee19480c0bdd6b1	git-blob-sha1	33de9687fadb7484aee40976c27acbc3252608da
turbosquid_objects/wine_rack_stand/wine_rack_stand_col.obj	4723	bbf91507361e12d5793e58ad59918b1795c1f434b819002583f792ec232d0e24	git-blob-sha1	50aabb9411d4d33db2a5983d19dcb065d55a749f
turbosquid_objects/wooden_cabinet_base/dark_fine_wood.png	42358	9aaa94ef4cd61592b566569bba3569276a38ea5ff22ed4b978b77b038b38a11f	lfs-sha256	9aaa94ef4cd61592b566569bba3569276a38ea5ff22ed4b978b77b038b38a11f
turbosquid_objects/wooden_cabinet_base/visual/wooden_cabinet_base_vis.msh	21400	1dce8d9c37d562a2a5bfea2057eb40c562d1f9415693c8d0036b8d9e8dbb63f1	git-blob-sha1	79f7b7bb2f9c09f2bf4d3637eddcddc5d44f659b
turbosquid_objects/wooden_cabinet_base/wooden_cabinet_base.mtl	441	276b611626340b31ca08525bea7a87346d24c6cf31504fe36e62bb14f8035278	git-blob-sha1	11c00a85e117fe2466f73b71d4ca83f412dbeb0d
turbosquid_objects/wooden_cabinet_base/wooden_cabinet_base.obj	14212	0fd52cce4d177223e4c4a725de619f05ea284ef808a7718a8cf830110d03f696	git-blob-sha1	3f8046f83c03f60bc738ea9bf4b1ae713f2cbd3c
turbosquid_objects/wooden_cabinet_base/wooden_cabinet_base.xml	3038	4d4ffea0612fe4b7e8e2dd5bdd9aad753fbc50d894538d80752288b877cc20d5	git-blob-sha1	6e3e5fb9753f690286bad85937fb0be80e9b05aa
turbosquid_objects/wooden_cabinet_base/wooden_cabinet_base_col.obj	11328	906e2c809519cc8912d068adf2bced8fa2147a2b18b4380eb25aedf1912ba819	git-blob-sha1	0659b757109d3a5c0d689120a09b1f4015b96e94
turbosquid_objects/wooden_shelf/dark_fine_wood.png	42358	9aaa94ef4cd61592b566569bba3569276a38ea5ff22ed4b978b77b038b38a11f	lfs-sha256	9aaa94ef4cd61592b566569bba3569276a38ea5ff22ed4b978b77b038b38a11f
turbosquid_objects/wooden_shelf/visual/wooden_shelf_vis.msh	21400	1dce8d9c37d562a2a5bfea2057eb40c562d1f9415693c8d0036b8d9e8dbb63f1	git-blob-sha1	79f7b7bb2f9c09f2bf4d3637eddcddc5d44f659b
turbosquid_objects/wooden_shelf/wooden_shelf.mtl	486	996dcf8718d616342a7cc4a7731a448d9dacb66c6d1c0417d7a00d5b673e7936	git-blob-sha1	d863756a5abdcd180e11eff9c24003b67dc7511b
turbosquid_objects/wooden_shelf/wooden_shelf.obj	14229	975c42c519f25ab2fbd0580bc3b073a130b97dfc6c2988bff6cc75222d563da0	git-blob-sha1	d485e525b8c4ddc7b552f864eec9b76bc211dd20
turbosquid_objects/wooden_shelf/wooden_shelf.xml	3658	a5f5662d2873cacd639064bef3802d6e1e763a94c15efd351844a5d855c9c22c	git-blob-sha1	5896664769184eff77b9f74842ddbd8637855a9d
turbosquid_objects/wooden_shelf/wooden_shelf_col.obj	11321	9ae191030647c326ef0106c326737f21c71ddc1a5cb68cc6e3a1713b049cb712	git-blob-sha1	7fd06ae08b2ebb9c113819157ce91449f148dc0d
turbosquid_objects/wooden_tray/crate_mat_BaseColor.png	4988248	3524386ee45899ff14c6e386294e2552f3fb11d4e0f478ef3e71f055f68f800a	lfs-sha256	3524386ee45899ff14c6e386294e2552f3fb11d4e0f478ef3e71f055f68f800a
turbosquid_objects/wooden_tray/visual/wooden_tray_vis.msh	19456	bc839a345d399ce6f4d73dcf81e8a530adc3b0640f4668a08422c6a796e7f627	git-blob-sha1	f04d6bfc297721b86badec0e45df9341fb797e3f
turbosquid_objects/wooden_tray/wooden_tray.mtl	307	6086cffd68a1ae2df500836f6b9e05ec073a3c32041895ff465373b15573a4f8	git-blob-sha1	0c72654534d33301a78b01234d5f95faf158cbf5
turbosquid_objects/wooden_tray/wooden_tray.obj	13536	d9ca21da52da07bd9cd3ca24ae7367b109f9e555911aa2996a8297b3cbbfaea4	git-blob-sha1	512d840e346e4b2966ef2a0efee3234f4a11295e
turbosquid_objects/wooden_tray/wooden_tray.xml	4573	d275a3ac94f12c633194f79248df724fe544ac053eaca7b3ee91e75685ec5dc3	git-blob-sha1	55032bb68b6a02d329b3da986844ffd924082e0a
turbosquid_objects/wooden_tray/wooden_tray_col.obj	14261	c7e7dfa92d64d31d9166be62b066aca6722e71ca178eb3b9927e7e9798c95eac	git-blob-sha1	96d6dcf489a682a89ab8a73fe26f53eb14b8b083
turbosquid_objects/wooden_two_layer_shelf/dark_fine_wood.png	42358	9aaa94ef4cd61592b566569bba3569276a38ea5ff22ed4b978b77b038b38a11f	lfs-sha256	9aaa94ef4cd61592b566569bba3569276a38ea5ff22ed4b978b77b038b38a11f
turbosquid_objects/wooden_two_layer_shelf/visual/wooden_two_layer_shelf_vis.msh	11896	ec0b5b2360f4c773aa17d40903f7aabb1499376e7a12813d033a54f7cec0817e	git-blob-sha1	10c269c6c06daae25985aa3326f2be756e7a96d2
turbosquid_objects/wooden_two_layer_shelf/wooden_two_layer_shelf.mtl	439	f1039b92ff8991b97c98144b0ddfbc9e8db1b8ceb2ce87be181cf52cf7716917	git-blob-sha1	921ae90274a3e5bbc627f5be6733ffbd9cde9c18
turbosquid_objects/wooden_two_layer_shelf/wooden_two_layer_shelf.obj	8385	4ecb142d9ff5abf5a04ca03d3610d3b3eae269bd0ba208c656f7e97cbf5a2cba	git-blob-sha1	734cf93e032e028ea021171d876ad6996bad12d2
turbosquid_objects/wooden_two_layer_shelf/wooden_two_layer_shelf.xml	2825	f05e448de7985640152d7405f8a9bca65105d065268613ede321b02cb513fb28	git-blob-sha1	39e1d414b58206ae1ac815fd2f5a1cb2ff87ea20
turbosquid_objects/wooden_two_layer_shelf/wooden_two_layer_shelf_col.obj	8243	6ecc24fe8be9ae866d7a0488cb121281b4c72a2fbb6296fdc901828b231fcb9e	git-blob-sha1	ef2b4d726f4c28eb5227b1282d5f6cd52639506f
turbosquid_objects/wooden_two_layer_shelf/wooden_two_layer_shelf_site.obj	2833	d8405906067cb535334eac2a69e026e3977baedada62f80b2ae12af29db60d31	git-blob-sha1	ffe78c890fa1e0ce00fe555f39cf6c28d62d92b8
turbosquid_objects/yellow_book/visual/yellow_book_vis.msh	773296	b1292bb7e96409a465a38aef94a6316b85608c9821cae0779b51082d8a777c34	lfs-sha256	b1292bb7e96409a465a38aef94a6316b85608c9821cae0779b51082d8a777c34
turbosquid_objects/yellow_book/yellow_book.mtl	631	35e8d4877d1630e1f21c65e8ba9af0d2912bfb9ab0c116c4bd0838799287df0f	git-blob-sha1	f7e2b9fcaef216dfcb1d5b212168563de0714fdc
turbosquid_objects/yellow_book/yellow_book.obj	511301	44c0ce7858ee27bf831d72885c34e8f2947d7e0c4fc76504f219725226cee077	git-blob-sha1	b0f4eff62201633a8db59aeb63b6b80bbf7af6c7
turbosquid_objects/yellow_book/yellow_book.png	14194	e73422fb9aad0cb0925954dce764dc1402bea13ab59a153e9dcfe0809850e767	lfs-sha256	e73422fb9aad0cb0925954dce764dc1402bea13ab59a153e9dcfe0809850e767
turbosquid_objects/yellow_book/yellow_book.xml	1085	d50e17f35728e7ccec4dd6bfa56316f27eed3cac3f5446fad11f2f3369c73acc	git-blob-sha1	b7f3754c8da1238d73ab553053642dcc762fe83c
turbosquid_objects/yellow_book/yellow_book_col.obj	934	0eea9d8fb42e9ded931b120de32b2ea6732df8e90e43e7dae09a218a6b5e7585	git-blob-sha1	4db429531217ce66e0f54b23b018f2ba5277be02
wall.xml	755	81c5c1694f3093bb91f9632c090aa7d7722f2be53ec3d39df578f395690d81f4	git-blob-sha1	7d1581fb08ed16c8f1a0b943e22ab3de0151e8a7
wall_frames.stl	20084	fa14ddb8e90326d9a14aa6124f234882e8867fa491e171c6a5a93748780e35f3	git-blob-sha1	f4389690be228b08999a11bd50eb71d9231c0cc0
